event_id,title,place,magnitude,magnitude_type,depth_km,depth_category,latitude,longitude,time_epoch_ms,time_iso_utc,seismic_energy_joules,usgs_alert_level,felt_reports_count,usgs_mmi,tsunami_alert,event_url
us7000tgrk,"M 6.5 - 126 km NNE of Teluknaga, Indonesia","126 km NNE of Teluknaga, Indonesia",6.5,mww,372.0,Deep (>300 km),-4.9832,106.8742,1789161835907,2026-09-11 21:23:55,354813389233576.06,green,21,3.013,False,https://earthquake.usgs.gov/earthquakes/eventpage/us7000tgrk
uw714095342,"M 3.8 - 20 km E of Castle Rock, Washington","20 km E of Castle Rock, Washington",3.75,ml,17.7,Shallow (0-70 km),46.2465,-122.642,1788606568270,2026-09-05 11:09:28,26607250597.98814,green,1025,3.72,False,https://earthquake.usgs.gov/earthquakes/eventpage/uw714095342
us7000tdw6,"M 5.4 - 21 km WNW of Jiangyou, China","21 km WNW of Jiangyou, China",5.4,mb,10.0,Shallow (0-70 km),31.8458,104.5066,1788435581981,2026-09-03 11:39:41,7943282347242.8545,yellow,6,5.884,False,https://earthquake.usgs.gov/earthquakes/eventpage/us7000tdw6
us7000tdvt,"M 6.3 - 84 km SSW of Nikolski, Alaska","84 km SSW of Nikolski, Alaska",6.3,mww,35.0,Shallow (0-70 km),52.2579,-169.4088,1788434244056,2026-09-03 11:17:24,177827941003892.28,green,3,3.846,True,https://earthquake.usgs.gov/earthquakes/eventpage/us7000tdvt
us7000tbwb,"M 5.2 Landslide - 55 km NW of Kodāri̇̄, Nepal","55 km NW of Kodāri̇̄, Nepal",5.2,ms_vx,0.0,Shallow (0-70 km),28.271,85.515,1787712730000,2026-08-26 02:52:10,3981071705534.9854,green,2,7.3,False,https://earthquake.usgs.gov/earthquakes/eventpage/us7000tbwb
us6000tna9,"M 4.9 - 4 km NNE of Jalālābād, Afghanistan","4 km NNE of Jalālābād, Afghanistan",4.9,mb,10.0,Shallow (0-70 km),34.462,70.463,1787620726243,2026-08-25 01:18:46,1412537544622.7554,yellow,1,5.675,False,https://earthquake.usgs.gov/earthquakes/eventpage/us6000tna9
us6000tmta,"M 5.8 - 5 km E of Ushiku, Japan","5 km E of Ushiku, Japan",5.8,mww,61.0,Shallow (0-70 km),35.9675,140.1972,1787418039194,2026-08-22 17:00:39,31622776601683.793,green,154,6.016,False,https://earthquake.usgs.gov/earthquakes/eventpage/us6000tmta
us6000tm81,"M 6.7 - 38 km NE of Tambo, Peru","38 km NE of Tambo, Peru",6.7,mww,99.0,Intermediate (70-300 km),-14.5704,-73.6538,1787248818619,2026-08-20 18:00:18,707945784384140.2,green,75,5.76,False,https://earthquake.usgs.gov/earthquakes/eventpage/us6000tm81
us7000thge,"M 4.9 - 20 km SSW of Sipí, Colombia","20 km SSW of Sipí, Colombia",4.9,mb,59.8,Shallow (0-70 km),4.4944,-76.7446,1789416124355,2026-09-14 20:02:04,1412537544622.7554,green,0,4.1,False,https://earthquake.usgs.gov/earthquakes/eventpage/us7000thge
us7000thg5,"M 4.8 - 106 km WSW of Alianza Cristiana, Peru","106 km WSW of Alianza Cristiana, Peru",4.8,mb,106.2,Intermediate (70-300 km),-3.7302,-77.3609,1789413409927,2026-09-14 19:16:49,1000000000000.0,green,0,3.3,False,https://earthquake.usgs.gov/earthquakes/eventpage/us7000thg5
us7000thfh,"M 4.6 - 157 km SSE of Labuha, Indonesia","157 km SSE of Labuha, Indonesia",4.6,mb,10.0,Shallow (0-70 km),-1.8912,128.1204,1789408515206,2026-09-14 17:55:15,501187233627.2715,green,0,5.6,False,https://earthquake.usgs.gov/earthquakes/eventpage/us7000thfh
us7000thea,"M 5.2 - 135 km SE of Gizo, Solomon Islands","135 km SE of Gizo, Solomon Islands",5.2,mb,10.0,Shallow (0-70 km),-8.9454,157.7415,1789402505947,2026-09-14 16:15:05,3981071705534.9854,green,0,6.5,False,https://earthquake.usgs.gov/earthquakes/eventpage/us7000thea
us7000thct,"M 4.6 - 49 km E of Minami-Sōma, Japan","49 km E of Minami-Sōma, Japan",4.6,mb,51.3,Shallow (0-70 km),37.6068,141.5344,1789383594677,2026-09-14 10:59:54,501187233627.2715,green,0,3.8,False,https://earthquake.usgs.gov/earthquakes/eventpage/us7000thct
us7000thcs,"M 5.6 - 78 km NNE of Tobelo, Indonesia","78 km NNE of Tobelo, Indonesia",5.6,mww,162.2,Intermediate (70-300 km),2.4223,128.1704,1789383483047,2026-09-14 10:58:03,15848931924611.11,green,1,3.397,False,https://earthquake.usgs.gov/earthquakes/eventpage/us7000thcs
us7000thc6,"M 5.5 - 187 km SSW of Pelabuhanratu, Indonesia","187 km SSW of Pelabuhanratu, Indonesia",5.5,mb,10.0,Shallow (0-70 km),-8.5419,105.8726,1789378058536,2026-09-14 09:27:38,11220184543019.652,green,2,7.0,False,https://earthquake.usgs.gov/earthquakes/eventpage/us7000thc6
us7000thbl,"M 4.5 - 109 km E of Tomioka, Japan","109 km E of Tomioka, Japan",4.5,mb,35.0,Shallow (0-70 km),37.1853,142.2375,1789371184419,2026-09-14 07:33:04,354813389233.57605,green,0,4.1,False,https://earthquake.usgs.gov/earthquakes/eventpage/us7000thbl
us7000thb6,"M 4.5 - 97 km NNE of Mount Hagen, Papua New Guinea","97 km NNE of Mount Hagen, Papua New Guinea",4.5,mb,99.2,Intermediate (70-300 km),-5.0593,144.6082,1789366751496,2026-09-14 06:19:11,354813389233.57605,green,0,3.0,False,https://earthquake.usgs.gov/earthquakes/eventpage/us7000thb6
us7000tha3,M 5.4 - northern Mid-Atlantic Ridge,northern Mid-Atlantic Ridge,5.4,mww,10.0,Shallow (0-70 km),25.5449,-45.3828,1789354577419,2026-09-14 02:56:17,7943282347242.8545,green,0,6.8,False,https://earthquake.usgs.gov/earthquakes/eventpage/us7000tha3
us7000th9m,"M 4.8 - 119 km S of Dampit, Indonesia","119 km S of Dampit, Indonesia",4.8,mb,33.4,Shallow (0-70 km),-9.2825,112.9014,1789350128967,2026-09-14 01:42:08,1000000000000.0,green,0,4.6,False,https://earthquake.usgs.gov/earthquakes/eventpage/us7000th9m
us7000th9i,"M 4.6 - 55 km NNW of Ruteng, Indonesia","55 km NNW of Ruteng, Indonesia",4.6,mb,10.0,Shallow (0-70 km),-8.1301,120.3101,1789347227610,2026-09-14 00:53:47,501187233627.2715,green,0,5.6,False,https://earthquake.usgs.gov/earthquakes/eventpage/us7000th9i
us7000th8v,"M 4.6 - 120 km NE of Hengchun, Taiwan","120 km NE of Hengchun, Taiwan",4.6,mww,10.0,Shallow (0-70 km),22.7398,121.6019,1789339481471,2026-09-13 22:44:41,501187233627.2715,green,0,5.6,False,https://earthquake.usgs.gov/earthquakes/eventpage/us7000th8v
us7000th8u,"M 5.1 - 50 km N of Ruteng, Indonesia","50 km N of Ruteng, Indonesia",5.1,mb,10.0,Shallow (0-70 km),-8.1597,120.3822,1789339201303,2026-09-13 22:40:01,2818382931264.449,green,0,6.3,False,https://earthquake.usgs.gov/earthquakes/eventpage/us7000th8u
us7000th81,"M 4.9 - 86 km SSW of Isangel, Vanuatu","86 km SSW of Isangel, Vanuatu",4.9,mb,10.0,Shallow (0-70 km),-20.2006,168.8337,1789328503663,2026-09-13 19:41:43,1412537544622.7554,green,0,6.1,False,https://earthquake.usgs.gov/earthquakes/eventpage/us7000th81
us7000th7y,"M 4.7 - 60 km W of Cafayate, Argentina","60 km W of Cafayate, Argentina",4.7,mb,10.0,Shallow (0-70 km),-26.1559,-66.5753,1789328425248,2026-09-13 19:40:25,707945784384.1403,green,0,5.8,False,https://earthquake.usgs.gov/earthquakes/eventpage/us7000th7y
us7000th5d,"M 4.7 - 25 km N of Mutsu, Japan","25 km N of Mutsu, Japan",4.7,mb,120.4,Intermediate (70-300 km),41.5125,141.2715,1789288275069,2026-09-13 08:31:15,707945784384.1403,green,0,3.0,False,https://earthquake.usgs.gov/earthquakes/eventpage/us7000th5d
us7000th50,M 5.0 - southeast of the Loyalty Islands,southeast of the Loyalty Islands,5.0,mww,98.8,Intermediate (70-300 km),-22.2281,171.3544,1789284623024,2026-09-13 07:30:23,1995262314968.8828,green,0,3.7,False,https://earthquake.usgs.gov/earthquakes/eventpage/us7000th50
us7000th4y,"M 5.2 - 43 km ESE of Port-Olry, Vanuatu","43 km ESE of Port-Olry, Vanuatu",5.2,mww,135.1,Intermediate (70-300 km),-15.2195,167.4363,1789283961693,2026-09-13 07:19:21,3981071705534.9854,green,0,3.7,False,https://earthquake.usgs.gov/earthquakes/eventpage/us7000th4y
us7000th3a,"M 4.9 - Bonin Islands, Japan region","Bonin Islands, Japan region",4.9,mb,10.0,Shallow (0-70 km),26.3045,142.2525,1789271432298,2026-09-13 03:50:32,1412537544622.7554,green,0,6.1,False,https://earthquake.usgs.gov/earthquakes/eventpage/us7000th3a
us7000th1q,"M 5.1 - 101 km S of Yudomari, Japan","101 km S of Yudomari, Japan",5.1,mww,45.5,Shallow (0-70 km),29.3244,130.3787,1789245178910,2026-09-12 20:32:58,2818382931264.449,green,1,4.7,False,https://earthquake.usgs.gov/earthquakes/eventpage/us7000th1q
us7000th16,"M 4.8 - 17 km WSW of Lixoúri, Greece","17 km WSW of Lixoúri, Greece",4.8,mww,34.0,Shallow (0-70 km),38.1387,20.2555,1789235505718,2026-09-12 17:51:45,1000000000000.0,green,21,4.6,False,https://earthquake.usgs.gov/earthquakes/eventpage/us7000th16
us7000th0h,"M 4.7 - 46 km NNE of Port-Olry, Vanuatu","46 km NNE of Port-Olry, Vanuatu",4.7,mb,188.1,Intermediate (70-300 km),-14.6467,167.2217,1789228569138,2026-09-12 15:56:09,707945784384.1403,green,0,2.6,False,https://earthquake.usgs.gov/earthquakes/eventpage/us7000th0h
us7000tgyx,"M 4.7 - 32 km SW of Sipí, Colombia","32 km SW of Sipí, Colombia",4.7,mb,77.3,Intermediate (70-300 km),4.4114,-76.809,1789211772244,2026-09-12 11:16:12,707945784384.1403,green,2,3.5,False,https://earthquake.usgs.gov/earthquakes/eventpage/us7000tgyx
us7000tgyw,M 4.9 - South Sandwich Islands region,South Sandwich Islands region,4.9,mb,98.2,Intermediate (70-300 km),-56.3022,-26.7513,1789211146000,2026-09-12 11:05:46,1412537544622.7554,green,0,3.6,False,https://earthquake.usgs.gov/earthquakes/eventpage/us7000tgyw
us7000tgyh,"M 4.9 - 147 km WNW of Sola, Vanuatu","147 km WNW of Sola, Vanuatu",4.9,mb,16.9,Shallow (0-70 km),-13.2829,166.3361,1789205746724,2026-09-12 09:35:46,1412537544622.7554,green,0,5.5,False,https://earthquake.usgs.gov/earthquakes/eventpage/us7000tgyh
us7000tgy2,"M 4.5 - 63 km WSW of Santiago, Peru","63 km WSW of Santiago, Peru",4.5,mb,24.1,Shallow (0-70 km),-14.4855,-76.2161,1789202798186,2026-09-12 08:46:38,354813389233.57605,green,1,4.5,False,https://earthquake.usgs.gov/earthquakes/eventpage/us7000tgy2
us7000tgxg,"M 4.8 - 253 km WSW of Tual, Indonesia","253 km WSW of Tual, Indonesia",4.8,mb,134.4,Intermediate (70-300 km),-6.0912,130.5082,1789193670594,2026-09-12 06:14:30,1000000000000.0,green,0,3.1,False,https://earthquake.usgs.gov/earthquakes/eventpage/us7000tgxg
us7000tgx2,"M 4.7 - 94 km WNW of Ternate, Indonesia","94 km WNW of Ternate, Indonesia",4.7,mb,44.2,Shallow (0-70 km),1.0665,126.5851,1789189704039,2026-09-12 05:08:24,707945784384.1403,green,0,4.1,False,https://earthquake.usgs.gov/earthquakes/eventpage/us7000tgx2
us7000tgwe,"M 4.6 - 45 km NNE of Ruteng, Indonesia","45 km NNE of Ruteng, Indonesia",4.6,mb,10.0,Shallow (0-70 km),-8.2634,120.6778,1789184097594,2026-09-12 03:34:57,501187233627.2715,green,0,5.6,False,https://earthquake.usgs.gov/earthquakes/eventpage/us7000tgwe
us7000tgw1,"M 4.7 - 2 km NE of Manaca Norte, Panama","2 km NE of Manaca Norte, Panama",4.7,mb,10.0,Shallow (0-70 km),8.3545,-82.7898,1789178390373,2026-09-12 01:59:50,707945784384.1403,green,36,5.8,False,https://earthquake.usgs.gov/earthquakes/eventpage/us7000tgw1
us7000tgvr,M 5.1 - South Sandwich Islands region,South Sandwich Islands region,5.1,mb,10.0,Shallow (0-70 km),-59.1348,-24.9274,1789174508418,2026-09-12 00:55:08,2818382931264.449,green,0,6.3,False,https://earthquake.usgs.gov/earthquakes/eventpage/us7000tgvr
us7000tgvk,"M 4.5 - 9 km WNW of Quicacha, Peru","9 km WNW of Quicacha, Peru",4.5,mb,98.8,Intermediate (70-300 km),-15.606,-73.8803,1789172339059,2026-09-12 00:18:59,354813389233.57605,green,0,3.0,False,https://earthquake.usgs.gov/earthquakes/eventpage/us7000tgvk
us7000tguq,"M 4.9 - 235 km W of Puerto Chacabuco, Chile","235 km W of Puerto Chacabuco, Chile",4.9,mb,10.0,Shallow (0-70 km),-45.7183,-75.8153,1789165943645,2026-09-11 22:32:23,1412537544622.7554,green,0,6.1,False,https://earthquake.usgs.gov/earthquakes/eventpage/us7000tguq
us7000tgpu,"M 4.7 - 33 km SW of Sipí, Colombia","33 km SW of Sipí, Colombia",4.7,mb,61.1,Shallow (0-70 km),4.4193,-76.8325,1789144950894,2026-09-11 16:42:30,707945784384.1403,green,4,3.8,False,https://earthquake.usgs.gov/earthquakes/eventpage/us7000tgpu
us7000tgpd,M 4.9 - south of the Kermadec Islands,south of the Kermadec Islands,4.9,mb,35.0,Shallow (0-70 km),-32.6035,-178.9346,1789141475986,2026-09-11 15:44:35,1412537544622.7554,green,0,4.7,False,https://earthquake.usgs.gov/earthquakes/eventpage/us7000tgpd
us7000tgl2,"M 5.9 - 253 km ENE of Lospalos, Timor Leste","253 km ENE of Lospalos, Timor Leste",5.9,mww,111.8,Intermediate (70-300 km),-7.2863,128.9383,1789127783115,2026-09-11 11:56:23,44668359215096.53,green,8,3.894,False,https://earthquake.usgs.gov/earthquakes/eventpage/us7000tgl2
us7000tgky,"M 5.3 - 151 km WSW of Adak, Alaska","151 km WSW of Adak, Alaska",5.3,mb,40.9,Shallow (0-70 km),51.213,-178.5429,1789123632613,2026-09-11 10:47:12,5623413251903.491,green,0,5.274,True,https://earthquake.usgs.gov/earthquakes/eventpage/us7000tgky
us7000tgk1,"M 4.5 - 92 km S of False Pass, Alaska","92 km S of False Pass, Alaska",4.5,mb,43.1,Shallow (0-70 km),54.034,-163.1555,1789111905952,2026-09-11 07:31:45,354813389233.57605,green,0,2.904,False,https://earthquake.usgs.gov/earthquakes/eventpage/us7000tgk1
us7000tgij,"M 4.9 - 69 km N of Isangel, Vanuatu","69 km N of Isangel, Vanuatu",4.9,mb,18.7,Shallow (0-70 km),-18.9259,169.3953,1789093693071,2026-09-11 02:28:13,1412537544622.7554,green,0,5.4,False,https://earthquake.usgs.gov/earthquakes/eventpage/us7000tgij
us7000tghk,"M 4.9 - 65 km NNW of Sola, Vanuatu","65 km NNW of Sola, Vanuatu",4.9,mb,49.9,Shallow (0-70 km),-13.3249,167.3321,1789080854162,2026-09-10 22:54:14,1412537544622.7554,green,0,4.3,False,https://earthquake.usgs.gov/earthquakes/eventpage/us7000tghk
us7000tgf2,"M 5.3 - 83 km E of Lospalos, Timor Leste","83 km E of Lospalos, Timor Leste",5.3,mb,10.0,Shallow (0-70 km),-8.5914,127.7505,1789065880243,2026-09-10 18:44:40,5623413251903.491,green,4,6.6,False,https://earthquake.usgs.gov/earthquakes/eventpage/us7000tgf2
us7000tgey,M 5.4 - southern East Pacific Rise,southern East Pacific Rise,5.4,mww,10.0,Shallow (0-70 km),-34.8341,-109.1514,1789064478934,2026-09-10 18:21:18,7943282347242.8545,green,0,6.8,False,https://earthquake.usgs.gov/earthquakes/eventpage/us7000tgey
us7000tgel,"M 4.7 - 66 km WSW of Zhaotong, China","66 km WSW of Zhaotong, China",4.7,mb,10.0,Shallow (0-70 km),27.1525,103.0684,1789059213992,2026-09-10 16:53:33,707945784384.1403,green,1,5.8,False,https://earthquake.usgs.gov/earthquakes/eventpage/us7000tgel
us7000tgkb,"M 4.7 - 272 km N of Puerto Ayora, Ecuador","272 km N of Puerto Ayora, Ecuador",4.7,mb,10.0,Shallow (0-70 km),1.7027,-90.6073,1789049753806,2026-09-10 14:15:53,707945784384.1403,green,0,5.8,False,https://earthquake.usgs.gov/earthquakes/eventpage/us7000tgkb
us7000tgb4,"M 4.5 - 84 km SW of Puerto Madero, Mexico","84 km SW of Puerto Madero, Mexico",4.5,mb,10.0,Shallow (0-70 km),14.0976,-92.8815,1789046943015,2026-09-10 13:29:03,354813389233.57605,green,0,5.5,False,https://earthquake.usgs.gov/earthquakes/eventpage/us7000tgb4
us7000tgb6,"M 5.1 - 162 km SSW of Merizo Village, Guam","162 km SSW of Merizo Village, Guam",5.1,mww,10.0,Shallow (0-70 km),12.0265,143.8739,1789046895798,2026-09-10 13:28:15,2818382931264.449,green,3,6.3,False,https://earthquake.usgs.gov/earthquakes/eventpage/us7000tgb6
us7000tga8,"M 4.8 - 35 km SSE of Cliza, Bolivia","35 km SSE of Cliza, Bolivia",4.8,mb,372.6,Deep (>300 km),-17.8933,-65.8339,1789041953736,2026-09-10 12:05:53,1000000000000.0,green,0,2.0,False,https://earthquake.usgs.gov/earthquakes/eventpage/us7000tga8
us7000tg9q,"M 4.7 - 116 km WSW of Alianza Cristiana, Peru","116 km WSW of Alianza Cristiana, Peru",4.7,mb,22.1,Shallow (0-70 km),-3.9669,-77.3635,1789036776283,2026-09-10 10:39:36,707945784384.1403,green,1,4.9,False,https://earthquake.usgs.gov/earthquakes/eventpage/us7000tg9q
us7000tg98,"M 5.0 - 45 km SSE of Quepos, Costa Rica","45 km SSE of Quepos, Costa Rica",5.0,mww,10.0,Shallow (0-70 km),9.0275,-84.0624,1789028813828,2026-09-10 08:26:53,1995262314968.8828,green,8,6.2,False,https://earthquake.usgs.gov/earthquakes/eventpage/us7000tg98
us7000tg8v,"M 5.3 - 126 km WSW of Alianza Cristiana, Peru","126 km WSW of Alianza Cristiana, Peru",5.3,mww,10.0,Shallow (0-70 km),-3.873,-77.5027,1789022560393,2026-09-10 06:42:40,5623413251903.491,green,1,6.6,False,https://earthquake.usgs.gov/earthquakes/eventpage/us7000tg8v
us7000tg6g,M 4.8 - Mid-Indian Ridge,Mid-Indian Ridge,4.8,mb,10.0,Shallow (0-70 km),-28.5889,74.2522,1788989394374,2026-09-09 21:29:54,1000000000000.0,green,0,5.9,False,https://earthquake.usgs.gov/earthquakes/eventpage/us7000tg6g
us7000tg5p,"M 4.7 - 164 km SSE of Isangel, Vanuatu","164 km SSE of Isangel, Vanuatu",4.7,mb,104.7,Intermediate (70-300 km),-20.9734,169.6974,1788985273645,2026-09-09 20:21:13,707945784384.1403,green,0,3.2,False,https://earthquake.usgs.gov/earthquakes/eventpage/us7000tg5p
us7000tg5i,"M 4.6 - 24 km E of Rasht, Tajikistan","24 km E of Rasht, Tajikistan",4.6,mb,29.6,Shallow (0-70 km),38.9879,70.6552,1788985033749,2026-09-09 20:17:13,501187233627.2715,green,0,4.4,False,https://earthquake.usgs.gov/earthquakes/eventpage/us7000tg5i
us7000tg51,"M 4.9 - 83 km ESE of Isangel, Vanuatu","83 km ESE of Isangel, Vanuatu",4.9,mww,10.0,Shallow (0-70 km),-19.7477,170.0486,1788981311586,2026-09-09 19:15:11,1412537544622.7554,green,0,6.1,False,https://earthquake.usgs.gov/earthquakes/eventpage/us7000tg51
us7000tg4e,"M 4.6 - 295 km WNW of Houma, Tonga","295 km WNW of Houma, Tonga",4.6,mb,499.4,Deep (>300 km),-20.6521,-178.0932,1788977942293,2026-09-09 18:19:02,501187233627.2715,green,0,1.4,False,https://earthquake.usgs.gov/earthquakes/eventpage/us7000tg4e
us7000tg43,"M 5.1 - 86 km ESE of Isangel, Vanuatu","86 km ESE of Isangel, Vanuatu",5.1,mww,10.0,Shallow (0-70 km),-19.777,170.0677,1788974325408,2026-09-09 17:18:45,2818382931264.449,green,0,6.3,False,https://earthquake.usgs.gov/earthquakes/eventpage/us7000tg43
us7000tg3x,"M 5.2 - 78 km ESE of Isangel, Vanuatu","78 km ESE of Isangel, Vanuatu",5.2,mww,10.0,Shallow (0-70 km),-19.8279,169.9636,1788973312191,2026-09-09 17:01:52,3981071705534.9854,green,0,6.5,False,https://earthquake.usgs.gov/earthquakes/eventpage/us7000tg3x
us7000tg1q,"M 4.7 - 139 km NNE of Hihifo, Tonga","139 km NNE of Hihifo, Tonga",4.7,mb,10.0,Shallow (0-70 km),-14.8771,-173.1193,1788956294599,2026-09-09 12:18:14,707945784384.1403,green,0,5.8,False,https://earthquake.usgs.gov/earthquakes/eventpage/us7000tg1q
us7000tg1h,"M 4.6 - 27 km WSW of Jiyuan, China","27 km WSW of Jiyuan, China",4.6,mb,10.0,Shallow (0-70 km),34.9849,112.3011,1788951099229,2026-09-09 10:51:39,501187233627.2715,green,0,5.6,False,https://earthquake.usgs.gov/earthquakes/eventpage/us7000tg1h
us7000tg12,"M 5.0 - 53 km W of Cafayate, Argentina","53 km W of Cafayate, Argentina",5.0,mb,10.0,Shallow (0-70 km),-26.1386,-66.5049,1788948417170,2026-09-09 10:06:57,1995262314968.8828,green,0,6.2,False,https://earthquake.usgs.gov/earthquakes/eventpage/us7000tg12
us7000tg06,"M 5.0 - 154 km S of Sarangani, Philippines","154 km S of Sarangani, Philippines",5.0,mb,10.0,Shallow (0-70 km),4.0172,125.3233,1788937623319,2026-09-09 07:07:03,1995262314968.8828,green,0,6.2,False,https://earthquake.usgs.gov/earthquakes/eventpage/us7000tg06
us7000tfyn,"M 4.5 - 108 km SSW of Pagar Alam, Indonesia","108 km SSW of Pagar Alam, Indonesia",4.5,mb,39.6,Shallow (0-70 km),-4.9167,102.8454,1788913399728,2026-09-09 00:23:19,354813389233.57605,green,1,4.0,False,https://earthquake.usgs.gov/earthquakes/eventpage/us7000tfyn
us7000tfy8,M 4.9 - Mariana Islands region,Mariana Islands region,4.9,mb,10.0,Shallow (0-70 km),16.5996,148.4279,1788909822291,2026-09-08 23:23:42,1412537544622.7554,green,0,6.1,False,https://earthquake.usgs.gov/earthquakes/eventpage/us7000tfy8
us7000tfxg,"M 4.9 - 211 km ENE of Neiafu, Tonga","211 km ENE of Neiafu, Tonga",4.9,mb,10.0,Shallow (0-70 km),-17.7255,-172.2335,1788904653202,2026-09-08 21:57:33,1412537544622.7554,green,0,6.1,False,https://earthquake.usgs.gov/earthquakes/eventpage/us7000tfxg
us7000tfxd,"M 4.6 - 54 km NNE of Ruteng, Indonesia","54 km NNE of Ruteng, Indonesia",4.6,mb,17.5,Shallow (0-70 km),-8.1535,120.658,1788903742442,2026-09-08 21:42:22,501187233627.2715,green,0,5.0,False,https://earthquake.usgs.gov/earthquakes/eventpage/us7000tfxd
us7000tfur,"M 4.9 - 90 km NNE of Chitre, Nepal","90 km NNE of Chitre, Nepal",4.9,mb,10.0,Shallow (0-70 km),29.2076,83.9584,1788883714843,2026-09-08 16:08:34,1412537544622.7554,green,14,6.1,False,https://earthquake.usgs.gov/earthquakes/eventpage/us7000tfur
us7000tfup,"M 4.9 - 53 km ESE of Hihifo, Tonga","53 km ESE of Hihifo, Tonga",4.9,mb,10.0,Shallow (0-70 km),-16.0508,-173.3016,1788882237313,2026-09-08 15:43:57,1412537544622.7554,green,0,6.1,False,https://earthquake.usgs.gov/earthquakes/eventpage/us7000tfup
us7000tfum,"M 5.2 - 125 km NE of Ruteng, Indonesia","125 km NE of Ruteng, Indonesia",5.2,mww,10.0,Shallow (0-70 km),-7.6809,121.1202,1788881794907,2026-09-08 15:36:34,3981071705534.9854,green,1,6.5,False,https://earthquake.usgs.gov/earthquakes/eventpage/us7000tfum
us7000tfu8,"M 4.5 - 95 km SSW of Severo-Kuril’sk, Russia","95 km SSW of Severo-Kuril’sk, Russia",4.5,mb,64.4,Shallow (0-70 km),49.8562,155.7106,1788876789955,2026-09-08 14:13:09,354813389233.57605,green,0,3.4,False,https://earthquake.usgs.gov/earthquakes/eventpage/us7000tfu8
us7000tfty,"M 4.7 - 62 km WSW of Ollagüe, Chile","62 km WSW of Ollagüe, Chile",4.7,mb,110.7,Intermediate (70-300 km),-21.4066,-68.8236,1788874928931,2026-09-08 13:42:08,707945784384.1403,green,0,3.1,False,https://earthquake.usgs.gov/earthquakes/eventpage/us7000tfty
us7000tftd,"M 5.3 - 26 km NW of Neiafu, Tonga","26 km NW of Neiafu, Tonga",5.3,mb,10.0,Shallow (0-70 km),-18.4736,-174.1551,1788868269687,2026-09-08 11:51:09,5623413251903.491,green,3,6.6,False,https://earthquake.usgs.gov/earthquakes/eventpage/us7000tftd
us7000tfsj,"M 4.6 - 1 km NNW of Katochí, Greece","1 km NNW of Katochí, Greece",4.6,mb,10.0,Shallow (0-70 km),38.4261,21.2463,1788853589636,2026-09-08 07:46:29,501187233627.2715,green,1,5.6,False,https://earthquake.usgs.gov/earthquakes/eventpage/us7000tfsj
us7000tfs3,M 5.1 - South Sandwich Islands region,South Sandwich Islands region,5.1,mb,128.6,Intermediate (70-300 km),-58.1213,-26.2578,1788850246470,2026-09-08 06:50:46,2818382931264.449,green,0,3.6,False,https://earthquake.usgs.gov/earthquakes/eventpage/us7000tfs3
us7000tfs1,"M 4.7 - 43 km NW of Aroa, Venezuela","43 km NW of Aroa, Venezuela",4.7,mb,10.0,Shallow (0-70 km),10.733,-69.1624,1788850188990,2026-09-08 06:49:48,707945784384.1403,green,1,5.8,False,https://earthquake.usgs.gov/earthquakes/eventpage/us7000tfs1
us7000tfr8,"M 5.3 - 51 km NNE of Ruteng, Indonesia","51 km NNE of Ruteng, Indonesia",5.3,mww,10.0,Shallow (0-70 km),-8.1646,120.5995,1788842428046,2026-09-08 04:40:28,5623413251903.491,green,0,6.6,False,https://earthquake.usgs.gov/earthquakes/eventpage/us7000tfr8
us7000tfqv,"M 4.6 - 176 km SSE of Vilyuchinsk, Russia","176 km SSE of Vilyuchinsk, Russia",4.6,mb,24.9,Shallow (0-70 km),51.5605,159.7019,1788834860009,2026-09-08 02:34:20,501187233627.2715,green,0,4.6,False,https://earthquake.usgs.gov/earthquakes/eventpage/us7000tfqv
us7000tfqi,M 4.5 - south of the Fiji Islands,south of the Fiji Islands,4.5,mb,568.6,Deep (>300 km),-22.3345,-179.7628,1788831575020,2026-09-08 01:39:35,354813389233.57605,green,0,1.1,False,https://earthquake.usgs.gov/earthquakes/eventpage/us7000tfqi
us7000tfqf,"M 5.1 - 92 km ESE of Isangel, Vanuatu","92 km ESE of Isangel, Vanuatu",5.1,mww,10.0,Shallow (0-70 km),-19.8072,170.1194,1788828722083,2026-09-08 00:52:02,2818382931264.449,green,0,6.3,False,https://earthquake.usgs.gov/earthquakes/eventpage/us7000tfqf
us7000tez1,"M 4.5 - 129 km ENE of Taltal, Chile","129 km ENE of Taltal, Chile",4.5,mb,90.7,Intermediate (70-300 km),-25.0539,-69.2641,1788818078748,2026-09-07 21:54:38,354813389233.57605,green,0,3.1,False,https://earthquake.usgs.gov/earthquakes/eventpage/us7000tez1
us7000tey8,"M 4.6 - 27 km SW of Zhaotong, China","27 km SW of Zhaotong, China",4.6,mb,10.0,Shallow (0-70 km),27.1234,103.5392,1788802302259,2026-09-07 17:31:42,501187233627.2715,green,0,5.6,False,https://earthquake.usgs.gov/earthquakes/eventpage/us7000tey8
us7000teu1,M 5.5 - southeast of the Loyalty Islands,southeast of the Loyalty Islands,5.5,mww,10.0,Shallow (0-70 km),-23.4192,171.6769,1788760244529,2026-09-07 05:50:44,11220184543019.652,green,0,7.0,False,https://earthquake.usgs.gov/earthquakes/eventpage/us7000teu1
us7000tet6,M 4.7 - Kermadec Islands region,Kermadec Islands region,4.7,mb,586.2,Deep (>300 km),-31.2726,178.6194,1788748221719,2026-09-07 02:30:21,707945784384.1403,green,0,1.3,False,https://earthquake.usgs.gov/earthquakes/eventpage/us7000tet6
us7000teta,M 4.5 - south of the Fiji Islands,south of the Fiji Islands,4.5,mb,512.6,Deep (>300 km),-24.8477,179.6916,1788748181341,2026-09-07 02:29:41,354813389233.57605,green,0,1.2,False,https://earthquake.usgs.gov/earthquakes/eventpage/us7000teta
us7000tesx,M 4.9 - Kermadec Islands region,Kermadec Islands region,4.9,mb,585.9,Deep (>300 km),-31.1216,178.6445,1788747111997,2026-09-07 02:11:51,1412537544622.7554,green,0,1.6,False,https://earthquake.usgs.gov/earthquakes/eventpage/us7000tesx
us7000test,M 5.0 - Kermadec Islands region,Kermadec Islands region,5.0,mb,585.1,Deep (>300 km),-30.9663,178.5443,1788746808371,2026-09-07 02:06:48,1995262314968.8828,green,0,1.8,False,https://earthquake.usgs.gov/earthquakes/eventpage/us7000test
us7000tesi,M 5.3 - off the coast of Oregon,off the coast of Oregon,5.3,mww,10.0,Shallow (0-70 km),43.9019,-128.2038,1788744624930,2026-09-07 01:30:24,5623413251903.491,green,9,6.6,True,https://earthquake.usgs.gov/earthquakes/eventpage/us7000tesi
us7000tert,"M 4.5 - 236 km E of Levuka, Fiji","236 km E of Levuka, Fiji",4.5,mb,604.9,Deep (>300 km),-17.9173,-178.4604,1788728923807,2026-09-06 21:08:43,354813389233.57605,green,0,1.0,False,https://earthquake.usgs.gov/earthquakes/eventpage/us7000tert
us7000terb,"M 4.8 - 44 km SW of Copala, Mexico","44 km SW of Copala, Mexico",4.8,mww,10.0,Shallow (0-70 km),16.3468,-99.2958,1788720378374,2026-09-06 18:46:18,1000000000000.0,green,2,5.9,False,https://earthquake.usgs.gov/earthquakes/eventpage/us7000terb
us7000teqz,"M 4.5 - 98 km NE of Hengchun, Taiwan","98 km NE of Hengchun, Taiwan",4.5,mb,28.5,Shallow (0-70 km),22.6648,121.3793,1788712620983,2026-09-06 16:37:00,354813389233.57605,green,0,4.3,False,https://earthquake.usgs.gov/earthquakes/eventpage/us7000teqz
us7000teq9,M 4.7 - Svalbard region,Svalbard region,4.7,mb,10.0,Shallow (0-70 km),76.1481,7.1688,1788699034778,2026-09-06 12:50:34,707945784384.1403,green,0,5.8,False,https://earthquake.usgs.gov/earthquakes/eventpage/us7000teq9
us7000teq4,"M 4.6 - 219 km SSE of Wada, Japan","219 km SSE of Wada, Japan",4.6,mb,35.0,Shallow (0-70 km),33.2038,140.9156,1788697034956,2026-09-06 12:17:14,501187233627.2715,green,0,4.2,False,https://earthquake.usgs.gov/earthquakes/eventpage/us7000teq4
us7000tepx,M 5.2 - southern East Pacific Rise,southern East Pacific Rise,5.2,mb,10.0,Shallow (0-70 km),-24.2436,-115.8082,1788696016067,2026-09-06 12:00:16,3981071705534.9854,green,0,6.5,False,https://earthquake.usgs.gov/earthquakes/eventpage/us7000tepx
us7000teph,"M 4.6 - 105 km NNW of Pante Makasar, Timor Leste","105 km NNW of Pante Makasar, Timor Leste",4.6,mb,150.6,Intermediate (70-300 km),-8.3411,123.9675,1788693346043,2026-09-06 11:15:46,501187233627.2715,green,0,2.7,False,https://earthquake.usgs.gov/earthquakes/eventpage/us7000teph
us7000tep0,"M 4.8 - 33 km NE of Calama, Chile","33 km NE of Calama, Chile",4.8,mb,115.5,Intermediate (70-300 km),-22.2344,-68.7038,1788691172174,2026-09-06 10:39:32,1000000000000.0,green,0,3.2,False,https://earthquake.usgs.gov/earthquakes/eventpage/us7000tep0
us7000tepa,M 5.2 - southern East Pacific Rise,southern East Pacific Rise,5.2,mb,10.0,Shallow (0-70 km),-24.5229,-116.0305,1788691098353,2026-09-06 10:38:18,3981071705534.9854,green,0,6.5,False,https://earthquake.usgs.gov/earthquakes/eventpage/us7000tepa
us7000tep6,M 5.2 - southern East Pacific Rise,southern East Pacific Rise,5.2,mb,10.0,Shallow (0-70 km),-24.5304,-115.6112,1788690748227,2026-09-06 10:32:28,3981071705534.9854,green,0,6.5,False,https://earthquake.usgs.gov/earthquakes/eventpage/us7000tep6
us7000tena,"M 4.6 - 91 km NE of Luwuk, Indonesia","91 km NE of Luwuk, Indonesia",4.6,mb,10.0,Shallow (0-70 km),-0.3104,123.3003,1788676881347,2026-09-06 06:41:21,501187233627.2715,green,0,5.6,False,https://earthquake.usgs.gov/earthquakes/eventpage/us7000tena
us7000temw,"M 4.9 - 118 km ENE of Kuji, Japan","118 km ENE of Kuji, Japan",4.9,mb,34.4,Shallow (0-70 km),40.7281,142.9698,1788671745801,2026-09-06 05:15:45,1412537544622.7554,green,0,4.7,False,https://earthquake.usgs.gov/earthquakes/eventpage/us7000temw
us7000temt,M 4.6 - Kermadec Islands region,Kermadec Islands region,4.6,mb,10.0,Shallow (0-70 km),-28.5523,-176.8095,1788670360376,2026-09-06 04:52:40,501187233627.2715,green,0,5.6,False,https://earthquake.usgs.gov/earthquakes/eventpage/us7000temt
us7000temi,"M 5.6 - 93 km SE of Kirakira, Solomon Islands","93 km SE of Kirakira, Solomon Islands",5.6,mww,38.5,Shallow (0-70 km),-11.0595,162.519,1788667530141,2026-09-06 04:05:30,15848931924611.11,green,2,4.325,False,https://earthquake.usgs.gov/earthquakes/eventpage/us7000temi
us7000tem2,"M 5.3 - 108 km SW of Puerto Madero, Mexico","108 km SW of Puerto Madero, Mexico",5.3,mww,10.0,Shallow (0-70 km),14.1551,-93.2487,1788663392601,2026-09-06 02:56:32,5623413251903.491,green,1,6.6,False,https://earthquake.usgs.gov/earthquakes/eventpage/us7000tem2
us7000telf,"M 4.6 - 71 km N of Isangel, Vanuatu","71 km N of Isangel, Vanuatu",4.6,mb,240.4,Intermediate (70-300 km),-18.8949,169.2507,1788651986056,2026-09-05 23:46:26,501187233627.2715,green,0,2.1,False,https://earthquake.usgs.gov/earthquakes/eventpage/us7000telf
us7000tel1,"M 4.7 - 95 km ESE of Isangel, Vanuatu","95 km ESE of Isangel, Vanuatu",4.7,mb,10.0,Shallow (0-70 km),-19.914,170.104,1788642361351,2026-09-05 21:06:01,707945784384.1403,green,0,5.8,False,https://earthquake.usgs.gov/earthquakes/eventpage/us7000tel1
us7000tek7,"M 4.9 - 85 km SSW of Nikolski, Alaska","85 km SSW of Nikolski, Alaska",4.9,mb,28.9,Shallow (0-70 km),52.2263,-169.32,1788631208219,2026-09-05 18:00:08,1412537544622.7554,green,0,2.864,False,https://earthquake.usgs.gov/earthquakes/eventpage/us7000tek7
us7000tevq,M 5.4 - Carlsberg Ridge,Carlsberg Ridge,5.4,mww,10.0,Shallow (0-70 km),-0.503,67.803,1788629152639,2026-09-05 17:25:52,7943282347242.8545,green,0,6.8,False,https://earthquake.usgs.gov/earthquakes/eventpage/us7000tevq
us7000tek0,"M 5.6 - 89 km ESE of Isangel, Vanuatu","89 km ESE of Isangel, Vanuatu",5.6,mww,9.0,Shallow (0-70 km),-19.7418,170.1102,1788627731369,2026-09-05 17:02:11,15848931924611.11,green,0,3.846,False,https://earthquake.usgs.gov/earthquakes/eventpage/us7000tek0
us7000teji,"M 5.5 - 162 km E of Kokopo, Papua New Guinea","162 km E of Kokopo, Papua New Guinea",5.5,mww,109.0,Intermediate (70-300 km),-4.5717,153.7143,1788617526943,2026-09-05 14:12:06,11220184543019.652,green,1,3.79,False,https://earthquake.usgs.gov/earthquakes/eventpage/us7000teji
us7000tejg,"M 5.2 - 77 km SSW of Sibolga, Indonesia","77 km SSW of Sibolga, Indonesia",5.2,mb,91.9,Intermediate (70-300 km),1.0574,98.6095,1788617167776,2026-09-05 14:06:07,3981071705534.9854,green,0,4.1,False,https://earthquake.usgs.gov/earthquakes/eventpage/us7000tejg
us7000tej2,"M 5.1 - 69 km E of Antofagasta de la Sierra, Argentina","69 km E of Antofagasta de la Sierra, Argentina",5.1,mww,10.0,Shallow (0-70 km),-26.1078,-66.7176,1788608232553,2026-09-05 11:37:12,2818382931264.449,green,0,6.3,False,https://earthquake.usgs.gov/earthquakes/eventpage/us7000tej2
us7000teiy,"M 5.0 - 70 km SW of Pagar Alam, Indonesia","70 km SW of Pagar Alam, Indonesia",5.0,mb,68.9,Shallow (0-70 km),-4.4202,102.7513,1788605955678,2026-09-05 10:59:15,1995262314968.8828,green,1,4.1,False,https://earthquake.usgs.gov/earthquakes/eventpage/us7000teiy
us7000tg9y,M 4.6 - Mid-Indian Ridge,Mid-Indian Ridge,4.6,mb,10.0,Shallow (0-70 km),-9.0047,67.4758,1788605644834,2026-09-05 10:54:04,501187233627.2715,green,0,5.6,False,https://earthquake.usgs.gov/earthquakes/eventpage/us7000tg9y
us7000teim,"M 4.5 - 87 km NNW of Sinabang, Indonesia","87 km NNW of Sinabang, Indonesia",4.5,mb,10.0,Shallow (0-70 km),3.2202,96.1107,1788599655563,2026-09-05 09:14:15,354813389233.57605,green,0,5.5,False,https://earthquake.usgs.gov/earthquakes/eventpage/us7000teim
us7000tehs,"M 4.5 - 76 km S of Gorontalo, Indonesia","76 km S of Gorontalo, Indonesia",4.5,mb,202.3,Intermediate (70-300 km),-0.1498,123.1527,1788590095998,2026-09-05 06:34:55,354813389233.57605,green,0,2.2,False,https://earthquake.usgs.gov/earthquakes/eventpage/us7000tehs
us7000tehe,M 5.0 - off the coast of Central America,off the coast of Central America,5.0,mww,10.0,Shallow (0-70 km),3.5071,-83.151,1788584406778,2026-09-05 05:00:06,1995262314968.8828,green,0,6.2,False,https://earthquake.usgs.gov/earthquakes/eventpage/us7000tehe
us7000tegg,"M 4.8 - Kermadec Islands, New Zealand","Kermadec Islands, New Zealand",4.8,mb,33.6,Shallow (0-70 km),-30.7935,-177.8256,1788572461465,2026-09-05 01:41:01,1000000000000.0,green,0,4.6,False,https://earthquake.usgs.gov/earthquakes/eventpage/us7000tegg
us7000teg7,"M 4.5 - 159 km ENE of Noda, Japan","159 km ENE of Noda, Japan",4.5,mb,33.9,Shallow (0-70 km),40.6426,143.5636,1788567765357,2026-09-05 00:22:45,354813389233.57605,green,0,4.1,False,https://earthquake.usgs.gov/earthquakes/eventpage/us7000teg7
us7000tefx,"M 5.5 - 168 km ESE of Kuril’sk, Russia","168 km ESE of Kuril’sk, Russia",5.5,mww,32.0,Shallow (0-70 km),44.9418,149.9838,1788565949825,2026-09-04 23:52:29,11220184543019.652,green,0,3.794,False,https://earthquake.usgs.gov/earthquakes/eventpage/us7000tefx
us7000tefw,M 5.1 - central Mid-Atlantic Ridge,central Mid-Atlantic Ridge,5.1,mww,10.0,Shallow (0-70 km),9.4666,-40.8475,1788565120818,2026-09-04 23:38:40,2818382931264.449,green,0,6.3,False,https://earthquake.usgs.gov/earthquakes/eventpage/us7000tefw
us7000tefr,"M 4.5 - 38 km NNE of Ruteng, Indonesia","38 km NNE of Ruteng, Indonesia",4.5,mb,10.0,Shallow (0-70 km),-8.2997,120.6133,1788563868392,2026-09-04 23:17:48,354813389233.57605,green,0,5.5,False,https://earthquake.usgs.gov/earthquakes/eventpage/us7000tefr
us7000tede,"M 4.6 - 28 km NW of Raumati Beach, New Zealand","28 km NW of Raumati Beach, New Zealand",4.6,mwr,48.8,Shallow (0-70 km),-40.7313,174.7564,1788546841468,2026-09-04 18:34:01,501187233627.2715,green,27,3.9,False,https://earthquake.usgs.gov/earthquakes/eventpage/us7000tede
us7000teck,"M 5.1 - 23 km WSW of Padangsidempuan, Indonesia","23 km WSW of Padangsidempuan, Indonesia",5.1,mb,122.0,Intermediate (70-300 km),1.3016,99.0782,1788539080634,2026-09-04 16:24:40,2818382931264.449,green,0,3.6,False,https://earthquake.usgs.gov/earthquakes/eventpage/us7000teck
us7000tea7,M 4.9 - south of the Fiji Islands,south of the Fiji Islands,4.9,mb,100.7,Intermediate (70-300 km),-25.7609,-177.087,1788529674988,2026-09-04 13:47:54,1412537544622.7554,green,0,3.5,False,https://earthquake.usgs.gov/earthquakes/eventpage/us7000tea7
us7000te9t,M 5.4 - Kermadec Islands region,Kermadec Islands region,5.4,mww,10.0,Shallow (0-70 km),-28.5616,-176.6452,1788523198323,2026-09-04 11:59:58,7943282347242.8545,green,0,3.214,False,https://earthquake.usgs.gov/earthquakes/eventpage/us7000te9t
us7000te95,"M 4.7 - 2 km NNW of Cabangan, Philippines","2 km NNW of Cabangan, Philippines",4.7,mb,61.3,Shallow (0-70 km),15.1784,120.0504,1788511683904,2026-09-04 08:48:03,707945784384.1403,green,0,3.8,False,https://earthquake.usgs.gov/earthquakes/eventpage/us7000te95
us7000te8p,"M 4.5 - 36 km WSW of Ollagüe, Chile","36 km WSW of Ollagüe, Chile",4.5,mb,130.7,Intermediate (70-300 km),-21.3768,-68.5636,1788504486994,2026-09-04 06:48:06,354813389233.57605,green,0,2.7,False,https://earthquake.usgs.gov/earthquakes/eventpage/us7000te8p
us7000te8r,M 5.0 - South Sandwich Islands region,South Sandwich Islands region,5.0,mb,10.0,Shallow (0-70 km),-56.1536,-26.1632,1788504354522,2026-09-04 06:45:54,1995262314968.8828,green,0,6.2,False,https://earthquake.usgs.gov/earthquakes/eventpage/us7000te8r
us7000te82,"M 5.2 - 28 km S of Cilacap, Indonesia","28 km S of Cilacap, Indonesia",5.2,mb,10.0,Shallow (0-70 km),-7.9867,109.0409,1788498294278,2026-09-04 05:04:54,3981071705534.9854,green,5,6.5,False,https://earthquake.usgs.gov/earthquakes/eventpage/us7000te82
us7000te7l,"M 5.0 - 236 km ESE of Attu Station, Alaska","236 km ESE of Attu Station, Alaska",5.0,mb,10.0,Shallow (0-70 km),51.9555,176.3482,1788488918697,2026-09-04 02:28:38,1995262314968.8828,green,0,3.37,True,https://earthquake.usgs.gov/earthquakes/eventpage/us7000te7l
us7000te5e,"M 4.8 - 29 km WSW of Salamanca, Chile","29 km WSW of Salamanca, Chile",4.8,mww,81.9,Intermediate (70-300 km),-31.8967,-71.2399,1788470301492,2026-09-03 21:18:21,1000000000000.0,green,6,3.6,False,https://earthquake.usgs.gov/earthquakes/eventpage/us7000te5e
us7000te55,"M 4.9 - 98 km W of Gorontalo, Indonesia","98 km W of Gorontalo, Indonesia",4.9,mb,111.2,Intermediate (70-300 km),0.5261,122.1776,1788469515371,2026-09-03 21:05:15,1412537544622.7554,green,0,3.4,False,https://earthquake.usgs.gov/earthquakes/eventpage/us7000te55
us7000te51,"M 4.8 - 57 km N of Ende, Indonesia","57 km N of Ende, Indonesia",4.8,mb,10.0,Shallow (0-70 km),-8.3207,121.6664,1788469210101,2026-09-03 21:00:10,1000000000000.0,green,0,5.9,False,https://earthquake.usgs.gov/earthquakes/eventpage/us7000te51
us7000tgcm,"M 5.0 - 63 km SSW of Nikolski, Alaska","63 km SSW of Nikolski, Alaska",5.0,mb,33.2,Shallow (0-70 km),52.4375,-169.3032,1788466945961,2026-09-03 20:22:25,1995262314968.8828,green,0,4.9,False,https://earthquake.usgs.gov/earthquakes/eventpage/us7000tgcm
us7000te4b,"M 5.4 - 105 km SSW of Nikolski, Alaska","105 km SSW of Nikolski, Alaska",5.4,mww,10.0,Shallow (0-70 km),52.015,-169.1941,1788466874883,2026-09-03 20:21:14,7943282347242.8545,green,0,3.045,False,https://earthquake.usgs.gov/earthquakes/eventpage/us7000te4b
us7000tgcb,"M 4.7 - 224 km ENE of Georgetown, Saint Helena","224 km ENE of Georgetown, Saint Helena",4.7,mb,10.0,Shallow (0-70 km),-7.0842,-12.5657,1788461407519,2026-09-03 18:50:07,707945784384.1403,green,0,5.8,False,https://earthquake.usgs.gov/earthquakes/eventpage/us7000tgcb
us7000te2m,"M 5.3 - 108 km SSW of Nikolski, Alaska","108 km SSW of Nikolski, Alaska",5.3,mww,10.0,Shallow (0-70 km),52.0027,-169.3329,1788461139056,2026-09-03 18:45:39,5623413251903.491,green,0,3.271,False,https://earthquake.usgs.gov/earthquakes/eventpage/us7000te2m
us7000te2i,M 4.9 - Fiji region,Fiji region,4.9,mb,616.1,Deep (>300 km),-18.6586,-177.537,1788460265204,2026-09-03 18:31:05,1412537544622.7554,green,0,1.6,False,https://earthquake.usgs.gov/earthquakes/eventpage/us7000te2i
us7000te21,"M 5.1 - 273 km SSE of Dunhuang, China","273 km SSE of Dunhuang, China",5.1,mww,10.0,Shallow (0-70 km),37.7769,95.4643,1788455080655,2026-09-03 17:04:40,2818382931264.449,green,0,6.3,False,https://earthquake.usgs.gov/earthquakes/eventpage/us7000te21
us7000te20,"M 4.5 - 11 km NNE of Jordán, Colombia","11 km NNE of Jordán, Colombia",4.5,mb,151.6,Intermediate (70-300 km),6.8319,-73.0592,1788454727267,2026-09-03 16:58:47,354813389233.57605,green,0,2.5,False,https://earthquake.usgs.gov/earthquakes/eventpage/us7000te20
us7000te09,"M 4.8 - 81 km SSW of Nikolski, Alaska","81 km SSW of Nikolski, Alaska",4.8,mb,35.0,Shallow (0-70 km),52.2887,-169.4187,1788451885672,2026-09-03 16:11:25,1000000000000.0,green,0,2.705,False,https://earthquake.usgs.gov/earthquakes/eventpage/us7000te09
us7000te02,"M 4.5 - 78 km SSW of Nikolski, Alaska","78 km SSW of Nikolski, Alaska",4.5,mb,35.0,Shallow (0-70 km),52.2839,-169.2869,1788450121226,2026-09-03 15:42:01,354813389233.57605,green,0,2.35,False,https://earthquake.usgs.gov/earthquakes/eventpage/us7000te02
us7000tdzk,M 5.0 - Owen Fracture Zone region,Owen Fracture Zone region,5.0,mb,10.0,Shallow (0-70 km),14.4957,56.4142,1788444691516,2026-09-03 14:11:31,1995262314968.8828,green,0,6.2,False,https://earthquake.usgs.gov/earthquakes/eventpage/us7000tdzk
us7000tdz8,"M 4.8 - 61 km S of Isangel, Vanuatu","61 km S of Isangel, Vanuatu",4.8,mb,113.7,Intermediate (70-300 km),-20.0988,169.3031,1788443230063,2026-09-03 13:47:10,1000000000000.0,green,0,3.3,False,https://earthquake.usgs.gov/earthquakes/eventpage/us7000tdz8
us7000tdys,"M 5.2 - 100 km SSW of Nikolski, Alaska","100 km SSW of Nikolski, Alaska",5.2,mb,10.0,Shallow (0-70 km),52.0562,-169.1988,1788440598659,2026-09-03 13:03:18,3981071705534.9854,green,0,2.996,True,https://earthquake.usgs.gov/earthquakes/eventpage/us7000tdys
us7000tdyi,"M 4.9 - 90 km SSW of Nikolski, Alaska","90 km SSW of Nikolski, Alaska",4.9,mb,44.4,Shallow (0-70 km),52.253,-169.579,1788439174756,2026-09-03 12:39:34,1412537544622.7554,green,2,3.057,False,https://earthquake.usgs.gov/earthquakes/eventpage/us7000tdyi
us7000tdw5,"M 4.9 - 81 km SW of Nikolski, Alaska","81 km SW of Nikolski, Alaska",4.9,mb,35.0,Shallow (0-70 km),52.3458,-169.5607,1788435581682,2026-09-03 11:39:41,1412537544622.7554,green,0,2.758,False,https://earthquake.usgs.gov/earthquakes/eventpage/us7000tdw5
us7000tdw2,"M 4.8 - 12 km E of Venustiano Carranza (Peña Blanca), Mexico","12 km E of Venustiano Carranza (Peña Blanca), Mexico",4.8,mb,159.0,Intermediate (70-300 km),17.6542,-94.6336,1788435232747,2026-09-03 11:33:52,1000000000000.0,green,1,2.9,False,https://earthquake.usgs.gov/earthquakes/eventpage/us7000tdw2
us7000tdy7,"M 5.2 - 97 km SSW of Nikolski, Alaska","97 km SSW of Nikolski, Alaska",5.2,mb,45.2,Shallow (0-70 km),52.1321,-169.4182,1788434695479,2026-09-03 11:24:55,3981071705534.9854,green,0,2.962,False,https://earthquake.usgs.gov/earthquakes/eventpage/us7000tdy7
us7000tdv4,"M 5.1 - 119 km NE of Joshīmath, India","119 km NE of Joshīmath, India",5.1,mb,10.0,Shallow (0-70 km),31.3933,80.3486,1788423396404,2026-09-03 08:16:36,2818382931264.449,green,0,6.3,False,https://earthquake.usgs.gov/earthquakes/eventpage/us7000tdv4
us7000tdv1,"M 4.6 - 113 km WNW of Houma, Tonga","113 km WNW of Houma, Tonga",4.6,mb,205.4,Intermediate (70-300 km),-20.8259,-176.3348,1788421578300,2026-09-03 07:46:18,501187233627.2715,green,0,2.3,False,https://earthquake.usgs.gov/earthquakes/eventpage/us7000tdv1
us7000tgbt,M 4.5 - Owen Fracture Zone region,Owen Fracture Zone region,4.5,mb,10.0,Shallow (0-70 km),14.6867,56.3022,1788421517461,2026-09-03 07:45:17,354813389233.57605,green,0,5.5,False,https://earthquake.usgs.gov/earthquakes/eventpage/us7000tgbt
us7000tduc,"M 5.1 - 26 km NW of Coquimbo, Chile","26 km NW of Coquimbo, Chile",5.1,mww,59.4,Shallow (0-70 km),-29.7624,-71.5077,1788415443130,2026-09-03 06:04:03,2818382931264.449,green,5,4.4,False,https://earthquake.usgs.gov/earthquakes/eventpage/us7000tduc
us7000tdu1,"M 4.5 - 29 km SSW of Sipí, Colombia","29 km SSW of Sipí, Colombia",4.5,mb,71.4,Intermediate (70-300 km),4.3985,-76.7157,1788412635307,2026-09-03 05:17:15,354813389233.57605,green,1,3.3,False,https://earthquake.usgs.gov/earthquakes/eventpage/us7000tdu1
us7000tgbq,M 4.5 - South Sandwich Islands region,South Sandwich Islands region,4.5,mb,10.0,Shallow (0-70 km),-55.8597,-26.1421,1788412219410,2026-09-03 05:10:19,354813389233.57605,green,0,5.5,False,https://earthquake.usgs.gov/earthquakes/eventpage/us7000tgbq
us7000tdt3,"M 4.6 - 285 km ENE of Levuka, Fiji","285 km ENE of Levuka, Fiji",4.6,mb,581.4,Deep (>300 km),-17.4745,-178.0581,1788394168892,2026-09-03 00:09:28,501187233627.2715,green,0,1.2,False,https://earthquake.usgs.gov/earthquakes/eventpage/us7000tdt3
us7000tdrv,M 6.2 - South Sandwich Islands region,South Sandwich Islands region,6.2,mww,125.9,Intermediate (70-300 km),-56.2062,-27.9085,1788392817617,2026-09-02 23:46:57,125892541179417.14,green,0,3.79,False,https://earthquake.usgs.gov/earthquakes/eventpage/us7000tdrv
us7000tdr1,"M 5.4 - 81 km SSE of Isangel, Vanuatu","81 km SSE of Isangel, Vanuatu",5.4,mww,73.3,Intermediate (70-300 km),-20.2571,169.4503,1788384126379,2026-09-02 21:22:06,7943282347242.8545,green,0,3.893,False,https://earthquake.usgs.gov/earthquakes/eventpage/us7000tdr1
us7000tg3m,"M 4.5 - 39 km SE of Bobon, Philippines","39 km SE of Bobon, Philippines",4.5,mb,67.0,Shallow (0-70 km),6.6151,126.5871,1788382820401,2026-09-02 21:00:20,354813389233.57605,green,0,3.4,False,https://earthquake.usgs.gov/earthquakes/eventpage/us7000tg3m
us7000tdqc,"M 5.4 - 51 km W of Bulolo, Papua New Guinea","51 km W of Bulolo, Papua New Guinea",5.4,mww,57.5,Shallow (0-70 km),-7.1321,146.175,1788379472508,2026-09-02 20:04:32,7943282347242.8545,green,0,4.436,False,https://earthquake.usgs.gov/earthquakes/eventpage/us7000tdqc
us7000tdn6,"M 4.9 - Volcano Islands, Japan region","Volcano Islands, Japan region",4.9,mb,39.4,Shallow (0-70 km),22.9106,144.0445,1788357182682,2026-09-02 13:53:02,1412537544622.7554,green,0,4.6,False,https://earthquake.usgs.gov/earthquakes/eventpage/us7000tdn6
us7000tdms,M 5.9 - southern East Pacific Rise,southern East Pacific Rise,5.9,mww,10.0,Shallow (0-70 km),-34.9815,-109.0259,1788352556627,2026-09-02 12:35:56,44668359215096.53,green,0,7.6,False,https://earthquake.usgs.gov/earthquakes/eventpage/us7000tdms
us7000tdmm,"M 5.2 - 78 km SSW of Nikolski, Alaska","78 km SSW of Nikolski, Alaska",5.2,mb,35.0,Shallow (0-70 km),52.3538,-169.4988,1788352321324,2026-09-02 12:32:01,3981071705534.9854,green,1,2.945,False,https://earthquake.usgs.gov/earthquakes/eventpage/us7000tdmm
us7000tdmp,"M 5.6 - 71 km WSW of Puerto Madero, Mexico","71 km WSW of Puerto Madero, Mexico",5.6,mww,10.0,Shallow (0-70 km),14.3909,-92.9873,1788352111022,2026-09-02 12:28:31,15848931924611.11,green,0,4.036,False,https://earthquake.usgs.gov/earthquakes/eventpage/us7000tdmp
us7000tdkr,M 5.2 - South Sandwich Islands region,South Sandwich Islands region,5.2,mb,84.1,Intermediate (70-300 km),-56.3968,-26.904,1788346442666,2026-09-02 10:54:02,3981071705534.9854,green,0,4.2,False,https://earthquake.usgs.gov/earthquakes/eventpage/us7000tdkr
us7000tdjg,"M 5.2 - 70 km NNW of Arthurs Point, New Zealand","70 km NNW of Arthurs Point, New Zealand",5.2,mww,10.0,Shallow (0-70 km),-44.4277,168.2503,1788332232278,2026-09-02 06:57:12,3981071705534.9854,green,4,5.977,False,https://earthquake.usgs.gov/earthquakes/eventpage/us7000tdjg
us7000tdj8,"M 5.3 - 66 km NNW of Arthurs Point, New Zealand","66 km NNW of Arthurs Point, New Zealand",5.3,mb,10.0,Shallow (0-70 km),-44.4431,168.3029,1788329613779,2026-09-02 06:13:33,5623413251903.491,green,24,5.814,False,https://earthquake.usgs.gov/earthquakes/eventpage/us7000tdj8
us7000tdj7,"M 4.7 - 43 km NE of Ruteng, Indonesia","43 km NE of Ruteng, Indonesia",4.7,mb,10.0,Shallow (0-70 km),-8.2826,120.6856,1788329200935,2026-09-02 06:06:40,707945784384.1403,green,0,5.8,False,https://earthquake.usgs.gov/earthquakes/eventpage/us7000tdj7
us7000tdj0,"M 4.6 - 101 km SSW of Nikolski, Alaska","101 km SSW of Nikolski, Alaska",4.6,mb,16.7,Shallow (0-70 km),52.0603,-169.2582,1788327652146,2026-09-02 05:40:52,501187233627.2715,green,0,2.392,False,https://earthquake.usgs.gov/earthquakes/eventpage/us7000tdj0
aka2026rjbwrf,"M 4.9 - 85 km SSW of Nikolski, Alaska","85 km SSW of Nikolski, Alaska",4.9,ml,18.8,Shallow (0-70 km),52.218,-169.316,1788326165872,2026-09-02 05:16:05,1412537544622.7554,green,0,2.875,False,https://earthquake.usgs.gov/earthquakes/eventpage/aka2026rjbwrf
us7000tdin,"M 5.2 - 95 km SSW of Nikolski, Alaska","95 km SSW of Nikolski, Alaska",5.2,mb,35.0,Shallow (0-70 km),52.1186,-169.295,1788326040312,2026-09-02 05:14:00,3981071705534.9854,green,0,3.08,False,https://earthquake.usgs.gov/earthquakes/eventpage/us7000tdin
us7000tdim,"M 4.9 - 98 km SSW of Nikolski, Alaska","98 km SSW of Nikolski, Alaska",4.9,mb,38.5,Shallow (0-70 km),52.1067,-169.369,1788325827023,2026-09-02 05:10:27,1412537544622.7554,green,0,3.027,False,https://earthquake.usgs.gov/earthquakes/eventpage/us7000tdim
us7000tdk1,M 4.5 - Kuril Islands,Kuril Islands,4.5,mb,144.1,Intermediate (70-300 km),48.1337,152.4883,1788325718690,2026-09-02 05:08:38,354813389233.57605,green,0,2.6,False,https://earthquake.usgs.gov/earthquakes/eventpage/us7000tdk1
us7000tdhl,"M 5.3 - 164 km WSW of Abepura, Indonesia","164 km WSW of Abepura, Indonesia",5.3,mww,70.6,Intermediate (70-300 km),-3.224,139.2891,1788307495294,2026-09-02 00:04:55,5623413251903.491,green,0,4.376,False,https://earthquake.usgs.gov/earthquakes/eventpage/us7000tdhl
us7000tfwm,M 4.5 - south of the Fiji Islands,south of the Fiji Islands,4.5,mb,525.8,Deep (>300 km),-25.2424,-179.6286,1788306391422,2026-09-01 23:46:31,354813389233.57605,green,0,1.1,False,https://earthquake.usgs.gov/earthquakes/eventpage/us7000tfwm
us7000tdhg,M 4.6 - Mid-Indian Ridge,Mid-Indian Ridge,4.6,mb,10.0,Shallow (0-70 km),-13.1772,66.6421,1788306323273,2026-09-01 23:45:23,501187233627.2715,green,0,5.6,False,https://earthquake.usgs.gov/earthquakes/eventpage/us7000tdhg
us7000tdh4,M 4.7 - Mid-Indian Ridge,Mid-Indian Ridge,4.7,mb,10.0,Shallow (0-70 km),-13.1136,66.5918,1788302529463,2026-09-01 22:42:09,707945784384.1403,green,0,5.8,False,https://earthquake.usgs.gov/earthquakes/eventpage/us7000tdh4
us7000tdh3,M 4.6 - Mid-Indian Ridge,Mid-Indian Ridge,4.6,mb,10.0,Shallow (0-70 km),-13.186,66.5245,1788302263601,2026-09-01 22:37:43,501187233627.2715,green,0,5.6,False,https://earthquake.usgs.gov/earthquakes/eventpage/us7000tdh3
us7000tdfa,"M 4.6 - 75 km ENE of Mutsu, Japan","75 km ENE of Mutsu, Japan",4.6,mb,62.0,Shallow (0-70 km),41.5941,142.0312,1788290481987,2026-09-01 19:21:21,501187233627.2715,green,0,3.6,False,https://earthquake.usgs.gov/earthquakes/eventpage/us7000tdfa
us7000tdey,"M 5.0 - 110 km SSE of Isangel, Vanuatu","110 km SSE of Isangel, Vanuatu",5.0,mb,122.7,Intermediate (70-300 km),-20.4489,169.7122,1788287848667,2026-09-01 18:37:28,1995262314968.8828,green,0,3.5,False,https://earthquake.usgs.gov/earthquakes/eventpage/us7000tdey
us7000tder,"M 4.9 - 50 km NNE of Ruteng, Indonesia","50 km NNE of Ruteng, Indonesia",4.9,mb,10.0,Shallow (0-70 km),-8.1981,120.6653,1788286306374,2026-09-01 18:11:46,1412537544622.7554,green,0,6.1,False,https://earthquake.usgs.gov/earthquakes/eventpage/us7000tder
us7000tdbt,"M 4.6 - 84 km SSW of Nikolski, Alaska","84 km SSW of Nikolski, Alaska",4.6,mb,35.0,Shallow (0-70 km),52.2673,-169.4311,1788270439528,2026-09-01 13:47:19,501187233627.2715,green,0,2.47,False,https://earthquake.usgs.gov/earthquakes/eventpage/us7000tdbt
us7000tdbr,"M 5.2 - 44 km SE of Sarangani, Philippines","44 km SE of Sarangani, Philippines",5.2,mww,113.1,Intermediate (70-300 km),5.0959,125.7229,1788268949602,2026-09-01 13:22:29,3981071705534.9854,green,11,3.9,False,https://earthquake.usgs.gov/earthquakes/eventpage/us7000tdbr
us7000tdbi,"M 4.6 - 79 km NW of Coquimbo, Chile","79 km NW of Coquimbo, Chile",4.6,mb,10.0,Shallow (0-70 km),-29.4696,-71.9434,1788264951375,2026-09-01 12:15:51,501187233627.2715,green,0,5.6,False,https://earthquake.usgs.gov/earthquakes/eventpage/us7000tdbi
us7000tdbc,"M 4.9 - 117 km WNW of Pangai, Tonga","117 km WNW of Pangai, Tonga",4.9,mb,198.1,Intermediate (70-300 km),-19.4439,-175.4039,1788258888848,2026-09-01 10:34:48,1412537544622.7554,green,0,2.8,False,https://earthquake.usgs.gov/earthquakes/eventpage/us7000tdbc
us7000tdav,"M 5.6 - 82 km SE of Maba, Indonesia","82 km SE of Maba, Indonesia",5.6,mb,10.0,Shallow (0-70 km),0.1685,128.8054,1788250940813,2026-09-01 08:22:20,15848931924611.11,green,0,6.202,False,https://earthquake.usgs.gov/earthquakes/eventpage/us7000tdav
us7000tdal,"M 4.5 - 90 km SSW of Nikolski, Alaska","90 km SSW of Nikolski, Alaska",4.5,mb,37.6,Shallow (0-70 km),52.1624,-169.2588,1788248738175,2026-09-01 07:45:38,354813389233.57605,green,0,2.56,False,https://earthquake.usgs.gov/earthquakes/eventpage/us7000tdal
us7000tdag,"M 4.5 - 105 km SSW of Nikolski, Alaska","105 km SSW of Nikolski, Alaska",4.5,mb,42.2,Shallow (0-70 km),52.0389,-169.3391,1788246357898,2026-09-01 07:05:57,354813389233.57605,green,0,2.376,False,https://earthquake.usgs.gov/earthquakes/eventpage/us7000tdag
us7000tdab,"M 5.3 - 89 km SSW of Nikolski, Alaska","89 km SSW of Nikolski, Alaska",5.3,mww,26.0,Shallow (0-70 km),52.2132,-169.4456,1788245076948,2026-09-01 06:44:36,5623413251903.491,green,3,2.924,True,https://earthquake.usgs.gov/earthquakes/eventpage/us7000tdab
us7000tda7,"M 4.5 - 13 km NNW of Yasuj, Iran","13 km NNW of Yasuj, Iran",4.5,mb,10.0,Shallow (0-70 km),30.778,51.5353,1788243313772,2026-09-01 06:15:13,354813389233.57605,green,1,5.5,False,https://earthquake.usgs.gov/earthquakes/eventpage/us7000tda7
us7000td9v,"M 4.6 - 201 km SW of Fakfak, Indonesia","201 km SW of Fakfak, Indonesia",4.6,mb,35.0,Shallow (0-70 km),-4.2388,131.0442,1788239193349,2026-09-01 05:06:33,501187233627.2715,green,0,4.2,False,https://earthquake.usgs.gov/earthquakes/eventpage/us7000td9v
us7000td8u,"M 4.8 - 292 km WNW of Houma, Tonga","292 km WNW of Houma, Tonga",4.8,mb,533.0,Deep (>300 km),-20.4066,-177.994,1788226150774,2026-09-01 01:29:10,1000000000000.0,green,0,1.6,False,https://earthquake.usgs.gov/earthquakes/eventpage/us7000td8u
us7000td7p,M 4.6 - South Sandwich Islands region,South Sandwich Islands region,4.6,mb,92.8,Intermediate (70-300 km),-55.9613,-27.6228,1788212757251,2026-08-31 21:45:57,501187233627.2715,green,0,3.2,False,https://earthquake.usgs.gov/earthquakes/eventpage/us7000td7p
us7000td6k,"M 4.8 - 178 km SE of Gizo, Solomon Islands","178 km SE of Gizo, Solomon Islands",4.8,mb,10.0,Shallow (0-70 km),-9.0429,158.161,1788206429117,2026-08-31 20:00:29,1000000000000.0,green,0,5.9,False,https://earthquake.usgs.gov/earthquakes/eventpage/us7000td6k
us7000td5l,"M 4.6 - 117 km SSW of Chirilagua, El Salvador","117 km SSW of Chirilagua, El Salvador",4.6,mb,35.0,Shallow (0-70 km),12.2028,-88.4481,1788202588565,2026-08-31 18:56:28,501187233627.2715,green,0,4.2,False,https://earthquake.usgs.gov/earthquakes/eventpage/us7000td5l
us7000td3y,"M 4.7 - 3 km NW of Yanacancha, Peru","3 km NW of Yanacancha, Peru",4.7,mb,10.0,Shallow (0-70 km),-12.1824,-75.4097,1788177206405,2026-08-31 11:53:26,707945784384.1403,green,1,5.8,False,https://earthquake.usgs.gov/earthquakes/eventpage/us7000td3y
us7000td3c,"M 4.6 - 28 km ESE of Kuril’sk, Russia","28 km ESE of Kuril’sk, Russia",4.6,mb,147.8,Intermediate (70-300 km),45.1453,148.2193,1788167997841,2026-08-31 09:19:57,501187233627.2715,green,0,2.7,False,https://earthquake.usgs.gov/earthquakes/eventpage/us7000td3c
us7000td2z,"M 5.5 - 44 km NNE of Ruteng, Indonesia","44 km NNE of Ruteng, Indonesia",5.5,mb,10.0,Shallow (0-70 km),-8.241,120.6119,1788163408497,2026-08-31 08:03:28,11220184543019.652,green,0,6.387,False,https://earthquake.usgs.gov/earthquakes/eventpage/us7000td2z
us7000td2f,M 4.5 - south of the Fiji Islands,south of the Fiji Islands,4.5,mb,508.3,Deep (>300 km),-25.2065,179.8021,1788151102200,2026-08-31 04:38:22,354813389233.57605,green,0,1.2,False,https://earthquake.usgs.gov/earthquakes/eventpage/us7000td2f
us7000td2c,"M 4.9 - 13 km SSE of Union, Philippines","13 km SSE of Union, Philippines",4.9,mb,83.9,Intermediate (70-300 km),9.6408,126.1362,1788149074127,2026-08-31 04:04:34,1412537544622.7554,green,2,3.7,False,https://earthquake.usgs.gov/earthquakes/eventpage/us7000td2c
us7000td1g,"M 4.5 - 71 km WSW of Puerto Casma, Peru","71 km WSW of Puerto Casma, Peru",4.5,mb,59.4,Shallow (0-70 km),-9.6152,-79.0145,1788138485874,2026-08-31 01:08:05,354813389233.57605,green,0,3.5,False,https://earthquake.usgs.gov/earthquakes/eventpage/us7000td1g
us7000tdyb,M 4.6 - southeast Indian Ridge,southeast Indian Ridge,4.6,mb,10.0,Shallow (0-70 km),-41.8509,89.7359,1788136166623,2026-08-31 00:29:26,501187233627.2715,green,0,5.6,False,https://earthquake.usgs.gov/earthquakes/eventpage/us7000tdyb
us7000tec5,M 4.6 - South Sandwich Islands region,South Sandwich Islands region,4.6,mb,10.0,Shallow (0-70 km),-57.9298,-23.3629,1788133213244,2026-08-30 23:40:13,501187233627.2715,green,0,5.6,False,https://earthquake.usgs.gov/earthquakes/eventpage/us7000tec5
us7000tec4,"M 4.5 - 50 km ESE of Lata, Solomon Islands","50 km ESE of Lata, Solomon Islands",4.5,mb,162.3,Intermediate (70-300 km),-10.9175,166.2129,1788133092326,2026-08-30 23:38:12,354813389233.57605,green,0,2.4,False,https://earthquake.usgs.gov/earthquakes/eventpage/us7000tec4
us7000td0v,"M 4.5 - 107 km NW of Hicks Bay, New Zealand","107 km NW of Hicks Bay, New Zealand",4.5,mb,182.3,Intermediate (70-300 km),-36.9141,177.4427,1788127683357,2026-08-30 22:08:03,354813389233.57605,green,0,2.3,False,https://earthquake.usgs.gov/earthquakes/eventpage/us7000td0v
us7000td0w,"M 4.5 - 139 km S of Vanimo, Papua New Guinea","139 km S of Vanimo, Papua New Guinea",4.5,mb,50.1,Shallow (0-70 km),-3.948,141.3407,1788127645751,2026-08-30 22:07:25,354813389233.57605,green,0,3.7,False,https://earthquake.usgs.gov/earthquakes/eventpage/us7000td0w
us7000tdxc,"M 4.8 - 190 km NNW of Sola, Vanuatu","190 km NNW of Sola, Vanuatu",4.8,mb,10.0,Shallow (0-70 km),-12.4033,166.6424,1788124599604,2026-08-30 21:16:39,1000000000000.0,green,0,5.9,False,https://earthquake.usgs.gov/earthquakes/eventpage/us7000tdxc
us7000tczy,"M 4.5 - 101 km SW of Aitape, Papua New Guinea","101 km SW of Aitape, Papua New Guinea",4.5,mb,47.8,Shallow (0-70 km),-3.869,141.799,1788113929971,2026-08-30 18:18:49,354813389233.57605,green,0,3.8,False,https://earthquake.usgs.gov/earthquakes/eventpage/us7000tczy
us7000tczt,"M 4.7 - 57 km SE of Palca, Peru","57 km SE of Palca, Peru",4.7,mb,113.1,Intermediate (70-300 km),-18.2063,-69.6534,1788105848735,2026-08-30 16:04:08,707945784384.1403,green,2,3.1,False,https://earthquake.usgs.gov/earthquakes/eventpage/us7000tczt
us7000tczi,"M 4.5 - 127 km NNE of Aksu, China","127 km NNE of Aksu, China",4.5,mb,10.0,Shallow (0-70 km),42.3002,80.6146,1788101431895,2026-08-30 14:50:31,354813389233.57605,green,0,5.5,False,https://earthquake.usgs.gov/earthquakes/eventpage/us7000tczi
us7000tcyr,"M 4.6 - 52 km NNE of Ruteng, Indonesia","52 km NNE of Ruteng, Indonesia",4.6,mb,10.0,Shallow (0-70 km),-8.1634,120.6265,1788087783581,2026-08-30 11:03:03,501187233627.2715,green,0,5.6,False,https://earthquake.usgs.gov/earthquakes/eventpage/us7000tcyr
us7000tcy0,M 4.5 - south of the Fiji Islands,south of the Fiji Islands,4.5,mb,532.7,Deep (>300 km),-23.414,-179.9128,1788081235515,2026-08-30 09:13:55,354813389233.57605,green,0,1.1,False,https://earthquake.usgs.gov/earthquakes/eventpage/us7000tcy0
us7000tcxn,"M 5.8 - Kermadec Islands, New Zealand","Kermadec Islands, New Zealand",5.8,mb,35.0,Shallow (0-70 km),-30.1462,-177.8882,1788080529229,2026-08-30 09:02:09,31622776601683.793,green,0,4.295,False,https://earthquake.usgs.gov/earthquakes/eventpage/us7000tcxn
us7000tcxi,"M 4.5 - 153 km SSE of Vilyuchinsk, Russia","153 km SSE of Vilyuchinsk, Russia",4.5,mb,50.3,Shallow (0-70 km),51.6592,159.2914,1788077383757,2026-08-30 08:09:43,354813389233.57605,green,0,3.7,False,https://earthquake.usgs.gov/earthquakes/eventpage/us7000tcxi
us7000tcxc,"M 4.9 - 87 km NW of Bengkulu, Indonesia","87 km NW of Bengkulu, Indonesia",4.9,mb,78.4,Intermediate (70-300 km),-3.3399,101.6275,1788075473242,2026-08-30 07:37:53,1412537544622.7554,green,1,3.8,False,https://earthquake.usgs.gov/earthquakes/eventpage/us7000tcxc
us7000tdw9,"M 4.5 - 78 km NNE of Ruteng, Indonesia","78 km NNE of Ruteng, Indonesia",4.5,mb,15.2,Shallow (0-70 km),-7.93,120.6672,1788073839182,2026-08-30 07:10:39,354813389233.57605,green,0,5.0,False,https://earthquake.usgs.gov/earthquakes/eventpage/us7000tdw9
us7000tebi,M 4.6 - Scotia Sea,Scotia Sea,4.6,mb,10.0,Shallow (0-70 km),-60.2509,-47.226,1788068414224,2026-08-30 05:40:14,501187233627.2715,green,0,5.6,False,https://earthquake.usgs.gov/earthquakes/eventpage/us7000tebi
us7000tcwp,"M 4.7 - 27 km WSW of Tocopilla, Chile","27 km WSW of Tocopilla, Chile",4.7,mb,50.1,Shallow (0-70 km),-22.1949,-70.4379,1788067190926,2026-08-30 05:19:50,707945784384.1403,green,8,4.0,False,https://earthquake.usgs.gov/earthquakes/eventpage/us7000tcwp
us7000tcwg,"M 4.7 - 130 km WNW of Ternate, Indonesia","130 km WNW of Ternate, Indonesia",4.7,mb,35.1,Shallow (0-70 km),1.3834,126.3683,1788064154480,2026-08-30 04:29:14,707945784384.1403,green,0,4.4,False,https://earthquake.usgs.gov/earthquakes/eventpage/us7000tcwg
us7000tcwd,M 5.1 - South Sandwich Islands region,South Sandwich Islands region,5.1,mb,135.7,Intermediate (70-300 km),-56.4575,-27.0033,1788062128753,2026-08-30 03:55:28,2818382931264.449,green,0,3.5,False,https://earthquake.usgs.gov/earthquakes/eventpage/us7000tcwd
us7000tcvt,"M 4.5 - 18 km SW of Urakawa, Japan","18 km SW of Urakawa, Japan",4.5,mb,63.6,Shallow (0-70 km),42.0423,142.6167,1788048859915,2026-08-30 00:14:19,354813389233.57605,green,0,3.4,False,https://earthquake.usgs.gov/earthquakes/eventpage/us7000tcvt
us7000tcvp,"M 4.5 - 70 km ENE of San Pedro de Atacama, Chile","70 km ENE of San Pedro de Atacama, Chile",4.5,mb,158.9,Intermediate (70-300 km),-22.6579,-67.5745,1788045977542,2026-08-29 23:26:17,354813389233.57605,green,0,2.4,False,https://earthquake.usgs.gov/earthquakes/eventpage/us7000tcvp
us7000tcvf,"M 4.8 - 13 km ENE of Himarë, Albania","13 km ENE of Himarë, Albania",4.8,mb,10.0,Shallow (0-70 km),40.1538,19.8822,1788042922010,2026-08-29 22:35:22,1000000000000.0,green,63,5.9,False,https://earthquake.usgs.gov/earthquakes/eventpage/us7000tcvf
us7000tcv5,"M 4.8 - 58 km ESE of Koshima, Japan","58 km ESE of Koshima, Japan",4.8,mb,35.0,Shallow (0-70 km),29.9927,131.0784,1788037219499,2026-08-29 21:00:19,1000000000000.0,green,0,4.5,False,https://earthquake.usgs.gov/earthquakes/eventpage/us7000tcv5
us7000tcyu,"M 4.5 - 216 km SSW of Al Ghayz̧ah, Yemen","216 km SSW of Al Ghayz̧ah, Yemen",4.5,mb,10.0,Shallow (0-70 km),14.3969,51.4231,1788032165484,2026-08-29 19:36:05,354813389233.57605,green,0,5.5,False,https://earthquake.usgs.gov/earthquakes/eventpage/us7000tcyu
us7000tcu2,"M 4.7 - 16 km ENE of Hasaki, Japan","16 km ENE of Hasaki, Japan",4.7,mww,34.8,Shallow (0-70 km),35.8029,140.9937,1788016626003,2026-08-29 15:17:06,707945784384.1403,green,12,4.4,False,https://earthquake.usgs.gov/earthquakes/eventpage/us7000tcu2
aka2026rcluqc,"M 4.8 - 184 km SE of Perryville, Alaska","184 km SE of Perryville, Alaska",4.8,ml,5.0,Shallow (0-70 km),54.821,-156.951,1788016615105,2026-08-29 15:16:55,1000000000000.0,green,0,2.374,False,https://earthquake.usgs.gov/earthquakes/eventpage/aka2026rcluqc
us7000tctp,"M 4.5 - 26 km W of Émponas, Greece","26 km W of Émponas, Greece",4.5,mb,14.4,Shallow (0-70 km),36.2205,27.5586,1788006772646,2026-08-29 12:32:52,354813389233.57605,green,0,5.1,False,https://earthquake.usgs.gov/earthquakes/eventpage/us7000tctp
us7000tcth,"M 4.5 - 18 km SW of Sipí, Colombia","18 km SW of Sipí, Colombia",4.5,mb,60.6,Shallow (0-70 km),4.5132,-76.7395,1788000623751,2026-08-29 10:50:23,354813389233.57605,green,2,3.5,False,https://earthquake.usgs.gov/earthquakes/eventpage/us7000tcth
us7000tct6,"M 4.6 - 32 km ESE of Lospalos, Timor Leste","32 km ESE of Lospalos, Timor Leste",4.6,mb,10.0,Shallow (0-70 km),-8.5879,127.2876,1787994946837,2026-08-29 09:15:46,501187233627.2715,green,0,5.6,False,https://earthquake.usgs.gov/earthquakes/eventpage/us7000tct6
us7000tcsu,"M 5.0 - 64 km W of Labuha, Indonesia","64 km W of Labuha, Indonesia",5.0,mb,41.9,Shallow (0-70 km),-0.7032,126.9069,1787990925662,2026-08-29 08:08:45,1995262314968.8828,green,0,4.6,False,https://earthquake.usgs.gov/earthquakes/eventpage/us7000tcsu
us7000tcsm,M 4.9 - South Sandwich Islands region,South Sandwich Islands region,4.9,mb,89.9,Intermediate (70-300 km),-57.4587,-25.7887,1787987454010,2026-08-29 07:10:54,1412537544622.7554,green,0,3.7,False,https://earthquake.usgs.gov/earthquakes/eventpage/us7000tcsm
us7000tcsc,"M 4.8 - 29 km ENE of Pilar, Philippines","29 km ENE of Pilar, Philippines",4.8,mb,60.9,Shallow (0-70 km),9.976,126.3482,1787985174139,2026-08-29 06:32:54,1000000000000.0,green,3,3.9,False,https://earthquake.usgs.gov/earthquakes/eventpage/us7000tcsc
us7000tcs7,M 5.1 - Southwest Indian Ridge,Southwest Indian Ridge,5.1,mb,10.0,Shallow (0-70 km),-31.8483,56.9522,1787982006207,2026-08-29 05:40:06,2818382931264.449,green,0,6.3,False,https://earthquake.usgs.gov/earthquakes/eventpage/us7000tcs7
us7000tcrx,"M 4.6 - 170 km ESE of Kuril’sk, Russia","170 km ESE of Kuril’sk, Russia",4.6,mb,44.0,Shallow (0-70 km),44.8019,149.9582,1787978922059,2026-08-29 04:48:42,501187233627.2715,green,0,4.0,False,https://earthquake.usgs.gov/earthquakes/eventpage/us7000tcrx
nc75426637,"M 4.7 - 85 km W of Petrolia, CA","85 km W of Petrolia, CA",4.74,mw,10.0,Shallow (0-70 km),40.45,-125.272333333333,1787971271610,2026-08-29 02:41:11,812830516164.0995,green,252,3.357,True,https://earthquake.usgs.gov/earthquakes/eventpage/nc75426637
us7000tcqr,"M 4.5 - 2 km NNW of Ástros, Greece","2 km NNW of Ástros, Greece",4.5,mb,89.6,Intermediate (70-300 km),37.422,22.7096,1787961358905,2026-08-28 23:55:58,354813389233.57605,green,2,3.1,False,https://earthquake.usgs.gov/earthquakes/eventpage/us7000tcqr
us7000tcqg,"M 4.8 - 110 km E of Miyako, Japan","110 km E of Miyako, Japan",4.8,mww,34.9,Shallow (0-70 km),39.6554,143.2337,1787958636399,2026-08-28 23:10:36,1000000000000.0,green,0,4.5,False,https://earthquake.usgs.gov/earthquakes/eventpage/us7000tcqg
us7000tcq8,"M 4.9 - 124 km N of Aksu, China","124 km N of Aksu, China",4.9,mb,10.0,Shallow (0-70 km),42.2861,80.5254,1787954853184,2026-08-28 22:07:33,1412537544622.7554,green,0,6.1,False,https://earthquake.usgs.gov/earthquakes/eventpage/us7000tcq8
us7000tcpf,"M 4.5 - 38 km NNE of Cuya, Chile","38 km NNE of Cuya, Chile",4.5,mb,88.0,Intermediate (70-300 km),-18.8677,-69.9747,1787949876759,2026-08-28 20:44:36,354813389233.57605,green,0,3.1,False,https://earthquake.usgs.gov/earthquakes/eventpage/us7000tcpf
us7000tcp5,"M 5.0 - 191 km ESE of Kimbe, Papua New Guinea","191 km ESE of Kimbe, Papua New Guinea",5.0,mb,10.0,Shallow (0-70 km),-6.211,151.7381,1787948378305,2026-08-28 20:19:38,1995262314968.8828,green,0,6.2,False,https://earthquake.usgs.gov/earthquakes/eventpage/us7000tcp5
us7000tcnj,M 4.9 - Southwest Indian Ridge,Southwest Indian Ridge,4.9,mb,10.0,Shallow (0-70 km),-28.3225,62.5441,1787944375174,2026-08-28 19:12:55,1412537544622.7554,green,0,6.1,False,https://earthquake.usgs.gov/earthquakes/eventpage/us7000tcnj
us7000tcjv,"M 4.5 - 19 km WNW of Ollagüe, Chile","19 km WNW of Ollagüe, Chile",4.5,mb,121.5,Intermediate (70-300 km),-21.1859,-68.4374,1787926314174,2026-08-28 14:11:54,354813389233.57605,green,0,2.7,False,https://earthquake.usgs.gov/earthquakes/eventpage/us7000tcjv
us7000tcjf,"M 4.5 - 109 km S of Vanimo, Papua New Guinea","109 km S of Vanimo, Papua New Guinea",4.5,mb,10.0,Shallow (0-70 km),-3.6651,141.2038,1787919696915,2026-08-28 12:21:36,354813389233.57605,green,0,5.5,False,https://earthquake.usgs.gov/earthquakes/eventpage/us7000tcjf
us7000tcj1,"M 4.6 - 176 km NNE of Lospalos, Timor Leste","176 km NNE of Lospalos, Timor Leste",4.6,mb,10.0,Shallow (0-70 km),-6.9733,127.3738,1787912585552,2026-08-28 10:23:05,501187233627.2715,green,0,5.6,False,https://earthquake.usgs.gov/earthquakes/eventpage/us7000tcj1
us7000tcit,"M 4.5 - 114 km N of Hirara, Japan","114 km N of Hirara, Japan",4.5,mb,131.7,Intermediate (70-300 km),25.8399,125.2609,1787911893232,2026-08-28 10:11:33,354813389233.57605,green,0,2.7,False,https://earthquake.usgs.gov/earthquakes/eventpage/us7000tcit
us7000tcii,"M 5.0 - 172 km SE of Petropavlovsk-Kamchatsky, Russia","172 km SE of Petropavlovsk-Kamchatsky, Russia",5.0,mb,10.0,Shallow (0-70 km),52.1245,160.6615,1787908337255,2026-08-28 09:12:17,1995262314968.8828,green,0,6.2,False,https://earthquake.usgs.gov/earthquakes/eventpage/us7000tcii
us7000tcig,"M 5.0 - 115 km WNW of Isangel, Vanuatu","115 km WNW of Isangel, Vanuatu",5.0,mb,10.0,Shallow (0-70 km),-19.249,168.2309,1787905956200,2026-08-28 08:32:36,1995262314968.8828,green,3,6.2,False,https://earthquake.usgs.gov/earthquakes/eventpage/us7000tcig
us7000te0q,"M 4.5 - 14 km SSW of Sarangani, Philippines","14 km SSW of Sarangani, Philippines",4.5,mb,66.0,Shallow (0-70 km),5.2762,125.4174,1787905346767,2026-08-28 08:22:26,354813389233.57605,green,0,3.4,False,https://earthquake.usgs.gov/earthquakes/eventpage/us7000te0q
us7000tcht,"M 5.0 - 19 km NW of Fuji, China","19 km NW of Fuji, China",5.0,mb,10.0,Shallow (0-70 km),29.2752,105.229,1787894015070,2026-08-28 05:13:35,1995262314968.8828,green,0,6.2,False,https://earthquake.usgs.gov/earthquakes/eventpage/us7000tcht
us7000tchl,M 5.2 - southeast Indian Ridge,southeast Indian Ridge,5.2,mb,10.0,Shallow (0-70 km),-50.116,111.5852,1787893146623,2026-08-28 04:59:06,3981071705534.9854,green,0,6.5,False,https://earthquake.usgs.gov/earthquakes/eventpage/us7000tchl
us7000tch3,M 5.0 - northern East Pacific Rise,northern East Pacific Rise,5.0,mww,10.0,Shallow (0-70 km),8.4191,-103.4604,1787884757518,2026-08-28 02:39:17,1995262314968.8828,green,0,6.2,False,https://earthquake.usgs.gov/earthquakes/eventpage/us7000tch3
us7000tcgq,"M 4.6 - 119 km NNW of Ternate, Indonesia","119 km NNW of Ternate, Indonesia",4.6,mb,74.0,Intermediate (70-300 km),1.7526,126.8948,1787877786031,2026-08-28 00:43:06,501187233627.2715,green,0,3.4,False,https://earthquake.usgs.gov/earthquakes/eventpage/us7000tcgq
us7000tcgb,"M 4.9 - 264 km WNW of Houma, Tonga","264 km WNW of Houma, Tonga",4.9,mb,520.3,Deep (>300 km),-20.3798,-177.6957,1787871778920,2026-08-27 23:02:58,1412537544622.7554,green,0,1.8,False,https://earthquake.usgs.gov/earthquakes/eventpage/us7000tcgb
us7000tcfw,"M 4.6 - 35 km SSW of Shizunai-furukawachō, Japan","35 km SSW of Shizunai-furukawachō, Japan",4.6,mb,63.7,Shallow (0-70 km),42.0315,142.2416,1787868811133,2026-08-27 22:13:31,501187233627.2715,green,0,3.6,False,https://earthquake.usgs.gov/earthquakes/eventpage/us7000tcfw
us7000tcf3,"M 6.0 - 145 km N of Caluula, Somalia","145 km N of Caluula, Somalia",6.0,mww,10.0,Shallow (0-70 km),13.2654,50.5425,1787864858352,2026-08-27 21:07:38,63095734448019.43,green,1,3.885,False,https://earthquake.usgs.gov/earthquakes/eventpage/us7000tcf3
us7000tcxy,M 4.6 - east of the North Island of New Zealand,east of the North Island of New Zealand,4.6,mb,34.2,Shallow (0-70 km),-35.0095,-179.9058,1787861244905,2026-08-27 20:07:24,501187233627.2715,green,0,4.3,False,https://earthquake.usgs.gov/earthquakes/eventpage/us7000tcxy
us7000tcef,"M 4.8 - 69 km NE of Kuji, Japan","69 km NE of Kuji, Japan",4.8,mb,58.6,Shallow (0-70 km),40.634,142.3482,1787860480587,2026-08-27 19:54:40,1000000000000.0,green,0,4.0,False,https://earthquake.usgs.gov/earthquakes/eventpage/us7000tcef
us7000tcee,"M 4.6 - 48 km ESE of Iwaki, Japan","48 km ESE of Iwaki, Japan",4.6,mb,49.1,Shallow (0-70 km),36.9105,141.4004,1787859959774,2026-08-27 19:45:59,501187233627.2715,green,0,3.9,False,https://earthquake.usgs.gov/earthquakes/eventpage/us7000tcee
us7000tdxs,M 4.5 - Kermadec Islands region,Kermadec Islands region,4.5,mb,10.0,Shallow (0-70 km),-28.3502,-176.8245,1787859346785,2026-08-27 19:35:46,354813389233.57605,green,0,5.5,False,https://earthquake.usgs.gov/earthquakes/eventpage/us7000tdxs
us7000tcdu,"M 4.9 - 5 km NW of Culaman, Philippines","5 km NW of Culaman, Philippines",4.9,mb,10.0,Shallow (0-70 km),5.998,125.6277,1787856219959,2026-08-27 18:43:39,1412537544622.7554,green,1,6.1,False,https://earthquake.usgs.gov/earthquakes/eventpage/us7000tcdu
us7000tcc3,"M 4.5 - 59 km ENE of Palca, Peru","59 km ENE of Palca, Peru",4.5,mb,144.0,Intermediate (70-300 km),-17.5706,-69.4412,1787852441842,2026-08-27 17:40:41,354813389233.57605,green,0,2.6,False,https://earthquake.usgs.gov/earthquakes/eventpage/us7000tcc3
us7000tcaf,"M 4.7 - 86 km N of Ruteng, Indonesia","86 km N of Ruteng, Indonesia",4.7,mb,10.0,Shallow (0-70 km),-7.8341,120.4866,1787848319647,2026-08-27 16:31:59,707945784384.1403,green,0,5.8,False,https://earthquake.usgs.gov/earthquakes/eventpage/us7000tcaf
us7000tca5,"M 4.5 - 11 km SSW of Sipí, Colombia","11 km SSW of Sipí, Colombia",4.5,mb,63.7,Shallow (0-70 km),4.5588,-76.6859,1787847682850,2026-08-27 16:21:22,354813389233.57605,green,0,3.4,False,https://earthquake.usgs.gov/earthquakes/eventpage/us7000tca5
us7000tc9s,"M 4.7 - 19 km SW of Sipí, Colombia","19 km SW of Sipí, Colombia",4.7,mb,61.4,Shallow (0-70 km),4.5126,-76.7491,1787844329013,2026-08-27 15:25:29,707945784384.1403,green,0,3.8,False,https://earthquake.usgs.gov/earthquakes/eventpage/us7000tc9s
us7000tc9m,M 5.0 - western Xizang,western Xizang,5.0,mb,10.0,Shallow (0-70 km),33.2546,86.9132,1787841948131,2026-08-27 14:45:48,1995262314968.8828,green,0,6.2,False,https://earthquake.usgs.gov/earthquakes/eventpage/us7000tc9m
us7000tc9g,"M 4.8 - 195 km SE of Akutan, Alaska","195 km SE of Akutan, Alaska",4.8,mb,10.0,Shallow (0-70 km),53.0654,-163.4304,1787841020017,2026-08-27 14:30:20,1000000000000.0,green,0,2.164,False,https://earthquake.usgs.gov/earthquakes/eventpage/us7000tc9g
us7000tcxk,M 4.5 - Vanuatu region,Vanuatu region,4.5,mb,10.0,Shallow (0-70 km),-19.7789,173.3354,1787833046186,2026-08-27 12:17:26,354813389233.57605,green,0,5.5,False,https://earthquake.usgs.gov/earthquakes/eventpage/us7000tcxk
us7000tc95,M 4.9 - Indian Ocean Triple Junction,Indian Ocean Triple Junction,4.9,mb,10.0,Shallow (0-70 km),-26.0744,70.7736,1787831236381,2026-08-27 11:47:16,1412537544622.7554,green,0,6.1,False,https://earthquake.usgs.gov/earthquakes/eventpage/us7000tc95
us7000tc8j,"M 5.3 - 54 km NNE of Labuan Bajo, Indonesia","54 km NNE of Labuan Bajo, Indonesia",5.3,mb,10.0,Shallow (0-70 km),-8.0324,120.0539,1787826804325,2026-08-27 10:33:24,5623413251903.491,green,0,6.6,False,https://earthquake.usgs.gov/earthquakes/eventpage/us7000tc8j
us7000tc8e,"M 4.5 - 205 km SE of Vilyuchinsk, Russia","205 km SE of Vilyuchinsk, Russia",4.5,mb,10.0,Shallow (0-70 km),51.4769,160.2665,1787823239785,2026-08-27 09:33:59,354813389233.57605,green,0,5.5,False,https://earthquake.usgs.gov/earthquakes/eventpage/us7000tc8e
us7000tdwu,"M 4.5 - 70 km NW of Maumere, Indonesia","70 km NW of Maumere, Indonesia",4.5,mb,26.5,Shallow (0-70 km),-8.1967,121.7296,1787811310544,2026-08-27 06:15:10,354813389233.57605,green,0,4.4,False,https://earthquake.usgs.gov/earthquakes/eventpage/us7000tdwu
us7000tc7l,"M 5.2 - Volcano Islands, Japan region","Volcano Islands, Japan region",5.2,mww,10.0,Shallow (0-70 km),24.2624,142.7467,1787809465931,2026-08-27 05:44:25,3981071705534.9854,green,0,6.5,False,https://earthquake.usgs.gov/earthquakes/eventpage/us7000tc7l
us7000tdwf,M 4.5 - Prince Edward Islands region,Prince Edward Islands region,4.5,mb,10.0,Shallow (0-70 km),-48.0141,32.0573,1787808648984,2026-08-27 05:30:48,354813389233.57605,green,0,5.5,False,https://earthquake.usgs.gov/earthquakes/eventpage/us7000tdwf
us7000tc56,M 5.1 - South Atlantic Ocean,South Atlantic Ocean,5.1,mb,10.0,Shallow (0-70 km),-22.5672,-20.2977,1787804348168,2026-08-27 04:19:08,2818382931264.449,green,0,6.3,False,https://earthquake.usgs.gov/earthquakes/eventpage/us7000tc56
us7000tc43,"M 4.7 - 47 km WSW of Ollagüe, Chile","47 km WSW of Ollagüe, Chile",4.7,mb,122.2,Intermediate (70-300 km),-21.3306,-68.6981,1787786402625,2026-08-26 23:20:02,707945784384.1403,green,0,3.0,False,https://earthquake.usgs.gov/earthquakes/eventpage/us7000tc43
us7000tc37,"M 4.6 - 115 km ESE of Yujing, Taiwan","115 km ESE of Yujing, Taiwan",4.6,mwr,25.3,Shallow (0-70 km),22.8501,121.547,1787780838998,2026-08-26 21:47:18,501187233627.2715,green,1,4.6,False,https://earthquake.usgs.gov/earthquakes/eventpage/us7000tc37
us7000tc21,"M 4.5 - 147 km E of Sola, Vanuatu","147 km E of Sola, Vanuatu",4.5,mb,10.0,Shallow (0-70 km),-13.9457,168.9143,1787773808291,2026-08-26 19:50:08,354813389233.57605,green,1,5.5,False,https://earthquake.usgs.gov/earthquakes/eventpage/us7000tc21
us7000tc18,"M 5.6 - 209 km ESE of Ōfunato, Japan","209 km ESE of Ōfunato, Japan",5.6,mww,16.1,Shallow (0-70 km),38.1821,143.8447,1787772102872,2026-08-26 19:21:42,15848931924611.11,green,1,3.059,False,https://earthquake.usgs.gov/earthquakes/eventpage/us7000tc18
us7000tc0p,"M 4.7 - 34 km NNE of Ruteng, Indonesia","34 km NNE of Ruteng, Indonesia",4.7,mb,10.0,Shallow (0-70 km),-8.3333,120.6143,1787769298482,2026-08-26 18:34:58,707945784384.1403,green,0,5.8,False,https://earthquake.usgs.gov/earthquakes/eventpage/us7000tc0p
us7000tc0k,"M 4.9 - 42 km NE of Ruteng, Indonesia","42 km NE of Ruteng, Indonesia",4.9,mb,10.0,Shallow (0-70 km),-8.3107,120.6979,1787768593728,2026-08-26 18:23:13,1412537544622.7554,green,0,6.1,False,https://earthquake.usgs.gov/earthquakes/eventpage/us7000tc0k
us7000tbzr,"M 4.7 - 77 km NW of Ende, Indonesia","77 km NW of Ende, Indonesia",4.7,mb,10.0,Shallow (0-70 km),-8.3149,121.2015,1787763168110,2026-08-26 16:52:48,707945784384.1403,green,0,5.8,False,https://earthquake.usgs.gov/earthquakes/eventpage/us7000tbzr
us7000tbzn,"M 4.9 - 3 km W of Cepitá, Colombia","3 km W of Cepitá, Colombia",4.9,mww,159.0,Intermediate (70-300 km),6.7547,-73.004,1787762714482,2026-08-26 16:45:14,1412537544622.7554,green,38,3.0,False,https://earthquake.usgs.gov/earthquakes/eventpage/us7000tbzn
us7000tdly,M 4.7 - Mid-Indian Ridge,Mid-Indian Ridge,4.7,mb,10.0,Shallow (0-70 km),-42.4115,83.9303,1787758611460,2026-08-26 15:36:51,707945784384.1403,green,0,5.8,False,https://earthquake.usgs.gov/earthquakes/eventpage/us7000tdly
us7000tc36,"M 4.5 - 98 km W of Port-Vila, Vanuatu","98 km W of Port-Vila, Vanuatu",4.5,mb,10.0,Shallow (0-70 km),-17.8113,167.3856,1787758322604,2026-08-26 15:32:02,354813389233.57605,green,0,5.5,False,https://earthquake.usgs.gov/earthquakes/eventpage/us7000tc36
us7000tbyz,"M 4.9 - 35 km S of Lata, Solomon Islands","35 km S of Lata, Solomon Islands",4.9,mb,58.5,Shallow (0-70 km),-11.0426,165.8087,1787754339852,2026-08-26 14:25:39,1412537544622.7554,green,0,4.1,False,https://earthquake.usgs.gov/earthquakes/eventpage/us7000tbyz
us7000tbyu,"M 5.0 - 60 km NNW of Ende, Indonesia","60 km NNW of Ende, Indonesia",5.0,mww,10.0,Shallow (0-70 km),-8.3515,121.4186,1787753730370,2026-08-26 14:15:30,1995262314968.8828,green,0,6.2,False,https://earthquake.usgs.gov/earthquakes/eventpage/us7000tbyu
us7000tbyh,M 4.5 - Drake Passage,Drake Passage,4.5,mb,10.0,Shallow (0-70 km),-57.4436,-65.3176,1787744301908,2026-08-26 11:38:21,354813389233.57605,green,0,5.5,False,https://earthquake.usgs.gov/earthquakes/eventpage/us7000tbyh
us7000tby1,"M 4.6 - 126 km NNE of Basco, Philippines","126 km NNE of Basco, Philippines",4.6,mb,10.0,Shallow (0-70 km),21.5368,122.3274,1787737882122,2026-08-26 09:51:22,501187233627.2715,green,0,5.6,False,https://earthquake.usgs.gov/earthquakes/eventpage/us7000tby1
us7000tbxz,"M 4.6 - 67 km NNW of Ende, Indonesia","67 km NNW of Ende, Indonesia",4.6,mb,10.0,Shallow (0-70 km),-8.3296,121.337,1787737654473,2026-08-26 09:47:34,501187233627.2715,green,0,5.6,False,https://earthquake.usgs.gov/earthquakes/eventpage/us7000tbxz
us7000tbxl,"M 4.7 - 82 km NE of Otrada, Russia","82 km NE of Otrada, Russia",4.7,mb,159.5,Intermediate (70-300 km),44.6862,146.4404,1787729537399,2026-08-26 07:32:17,707945784384.1403,green,0,2.7,False,https://earthquake.usgs.gov/earthquakes/eventpage/us7000tbxl
us7000tbxf,"M 4.8 - 147 km E of Miyako, Japan","147 km E of Miyako, Japan",4.8,mb,10.0,Shallow (0-70 km),39.7276,143.6596,1787727292876,2026-08-26 06:54:52,1000000000000.0,green,0,5.9,False,https://earthquake.usgs.gov/earthquakes/eventpage/us7000tbxf
us7000tbx8,M 4.8 - southwest of Africa,southwest of Africa,4.8,mb,10.0,Shallow (0-70 km),-52.7725,11.6756,1787723105013,2026-08-26 05:45:05,1000000000000.0,green,0,5.9,False,https://earthquake.usgs.gov/earthquakes/eventpage/us7000tbx8
us7000tdlc,M 4.5 - southern Mid-Atlantic Ridge,southern Mid-Atlantic Ridge,4.5,mb,10.0,Shallow (0-70 km),-12.4637,-14.7788,1787716175090,2026-08-26 03:49:35,354813389233.57605,green,0,5.5,False,https://earthquake.usgs.gov/earthquakes/eventpage/us7000tdlc
us7000tbw6,"M 4.5 - 24 km SW of Ashkāsham, Afghanistan","24 km SW of Ashkāsham, Afghanistan",4.5,mb,99.4,Intermediate (70-300 km),36.5296,71.3353,1787711050107,2026-08-26 02:24:10,354813389233.57605,green,0,3.0,False,https://earthquake.usgs.gov/earthquakes/eventpage/us7000tbw6
us7000tbw5,"M 4.5 - 220 km NNE of Lospalos, Timor Leste","220 km NNE of Lospalos, Timor Leste",4.5,mb,10.0,Shallow (0-70 km),-6.5973,127.5372,1787709947254,2026-08-26 02:05:47,354813389233.57605,green,0,5.5,False,https://earthquake.usgs.gov/earthquakes/eventpage/us7000tbw5
us7000tbw3,"M 4.8 - 219 km NNE of Lospalos, Timor Leste","219 km NNE of Lospalos, Timor Leste",4.8,mb,10.0,Shallow (0-70 km),-6.6227,127.5749,1787708891230,2026-08-26 01:48:11,1000000000000.0,green,0,5.9,False,https://earthquake.usgs.gov/earthquakes/eventpage/us7000tbw3
us7000tbw1,"M 4.6 - 87 km NNE of Labuan Bajo, Indonesia","87 km NNE of Labuan Bajo, Indonesia",4.6,mb,10.0,Shallow (0-70 km),-7.8156,120.2941,1787707915129,2026-08-26 01:31:55,501187233627.2715,green,0,5.6,False,https://earthquake.usgs.gov/earthquakes/eventpage/us7000tbw1
us7000tdl3,"M 4.5 - 83 km NNE of Labuan Bajo, Indonesia","83 km NNE of Labuan Bajo, Indonesia",4.5,mb,10.0,Shallow (0-70 km),-7.7824,120.1422,1787704713593,2026-08-26 00:38:33,354813389233.57605,green,0,5.5,False,https://earthquake.usgs.gov/earthquakes/eventpage/us7000tdl3
us7000tdl4,"M 4.5 - 211 km ESE of Ozernovskiy, Russia","211 km ESE of Ozernovskiy, Russia",4.5,mb,10.0,Shallow (0-70 km),50.95,159.402,1787704573697,2026-08-26 00:36:13,354813389233.57605,green,0,5.5,False,https://earthquake.usgs.gov/earthquakes/eventpage/us7000tdl4
us7000tc8w,M 4.7 - central Mid-Atlantic Ridge,central Mid-Atlantic Ridge,4.7,mb,10.0,Shallow (0-70 km),-0.4685,-19.8072,1787696605628,2026-08-25 22:23:25,707945784384.1403,green,0,5.8,False,https://earthquake.usgs.gov/earthquakes/eventpage/us7000tc8w
us7000tbup,"M 4.9 - 50 km NE of Ruteng, Indonesia","50 km NE of Ruteng, Indonesia",4.9,mb,10.7,Shallow (0-70 km),-8.2356,120.7287,1787693039169,2026-08-25 21:23:59,1412537544622.7554,green,0,6.0,False,https://earthquake.usgs.gov/earthquakes/eventpage/us7000tbup
us7000tddt,"M 4.5 - 74 km N of Ruteng, Indonesia","74 km N of Ruteng, Indonesia",4.5,mb,15.7,Shallow (0-70 km),-7.9474,120.3397,1787692972067,2026-08-25 21:22:52,354813389233.57605,green,0,5.0,False,https://earthquake.usgs.gov/earthquakes/eventpage/us7000tddt
us7000tbu3,"M 4.7 - 74 km E of Tomioka, Japan","74 km E of Tomioka, Japan",4.7,mb,35.0,Shallow (0-70 km),37.3301,141.853,1787689416438,2026-08-25 20:23:36,707945784384.1403,green,1,4.4,False,https://earthquake.usgs.gov/earthquakes/eventpage/us7000tbu3
us7000tbsj,M 4.5 - Vanuatu region,Vanuatu region,4.5,mb,629.0,Deep (>300 km),-14.235,170.4985,1787675013830,2026-08-25 16:23:33,354813389233.57605,green,0,1.0,False,https://earthquake.usgs.gov/earthquakes/eventpage/us7000tbsj
us6000tnd7,"M 5.2 - 258 km SE of Hihifo, Tonga","258 km SE of Hihifo, Tonga",5.2,mww,10.0,Shallow (0-70 km),-17.4086,-171.8992,1787670954340,2026-08-25 15:15:54,3981071705534.9854,green,0,6.5,False,https://earthquake.usgs.gov/earthquakes/eventpage/us6000tnd7
us6000tnd4,"M 5.0 - 62 km NNE of Ruteng, Indonesia","62 km NNE of Ruteng, Indonesia",5.0,mb,10.0,Shallow (0-70 km),-8.0758,120.6333,1787669934052,2026-08-25 14:58:54,1995262314968.8828,green,0,6.2,False,https://earthquake.usgs.gov/earthquakes/eventpage/us6000tnd4
us6000tnci,M 5.5 - south of the Fiji Islands,south of the Fiji Islands,5.5,mww,528.3,Deep (>300 km),-23.3497,179.8207,1787659923252,2026-08-25 12:12:03,11220184543019.652,green,0,1.0,False,https://earthquake.usgs.gov/earthquakes/eventpage/us6000tnci
us6000tncc,"M 4.9 - 94 km W of Ambon, Indonesia","94 km W of Ambon, Indonesia",4.9,mb,10.0,Shallow (0-70 km),-3.6519,127.3328,1787657384762,2026-08-25 11:29:44,1412537544622.7554,green,0,6.1,False,https://earthquake.usgs.gov/earthquakes/eventpage/us6000tncc
us6000tnbv,"M 5.0 - 31 km S of Nemuro, Japan","31 km S of Nemuro, Japan",5.0,mb,96.9,Intermediate (70-300 km),43.045,145.6343,1787648840740,2026-08-25 09:07:20,1995262314968.8828,green,0,3.7,False,https://earthquake.usgs.gov/earthquakes/eventpage/us6000tnbv
us6000tnbm,"M 5.5 - 108 km NE of Hengchun, Taiwan","108 km NE of Hengchun, Taiwan",5.5,mww,14.6,Shallow (0-70 km),22.6053,121.5709,1787641210853,2026-08-25 07:00:10,11220184543019.652,green,14,5.453,False,https://earthquake.usgs.gov/earthquakes/eventpage/us6000tnbm
us6000tnbk,"M 4.6 - 218 km NNW of Manado, Indonesia","218 km NNW of Manado, Indonesia",4.6,mb,322.9,Deep (>300 km),3.4176,124.4529,1787640500910,2026-08-25 06:48:20,501187233627.2715,green,0,1.8,False,https://earthquake.usgs.gov/earthquakes/eventpage/us6000tnbk
us6000tnal,"M 4.7 - 219 km NNE of Lospalos, Timor Leste","219 km NNE of Lospalos, Timor Leste",4.7,mb,10.2,Shallow (0-70 km),-6.6149,127.5589,1787627179912,2026-08-25 03:06:19,707945784384.1403,green,0,5.7,False,https://earthquake.usgs.gov/earthquakes/eventpage/us6000tnal
us6000tnai,"M 4.7 - 61 km ENE of Aras-asan, Philippines","61 km ENE of Aras-asan, Philippines",4.7,mb,13.5,Shallow (0-70 km),9.0329,126.8546,1787623144254,2026-08-25 01:59:04,707945784384.1403,green,0,5.4,False,https://earthquake.usgs.gov/earthquakes/eventpage/us6000tnai
us6000tnaa,"M 4.5 - 74 km SSE of Panguna, Papua New Guinea","74 km SSE of Panguna, Papua New Guinea",4.5,mb,109.3,Intermediate (70-300 km),-6.9731,155.6413,1787620945241,2026-08-25 01:22:25,354813389233.57605,green,0,2.9,False,https://earthquake.usgs.gov/earthquakes/eventpage/us6000tnaa
us6000tn9w,"M 4.9 - 37 km ENE of Labuan Bajo, Indonesia","37 km ENE of Labuan Bajo, Indonesia",4.9,mb,10.0,Shallow (0-70 km),-8.3518,120.1917,1787616324461,2026-08-25 00:05:24,1412537544622.7554,green,0,6.1,False,https://earthquake.usgs.gov/earthquakes/eventpage/us6000tn9w
us6000tn9r,"M 4.5 - 99 km SE of Ishigaki, Japan","99 km SE of Ishigaki, Japan",4.5,mb,10.0,Shallow (0-70 km),23.7942,124.9285,1787614016073,2026-08-24 23:26:56,354813389233.57605,green,0,5.5,False,https://earthquake.usgs.gov/earthquakes/eventpage/us6000tn9r
us7000tcmp,M 4.6 - southern Mid-Atlantic Ridge,southern Mid-Atlantic Ridge,4.6,mb,10.0,Shallow (0-70 km),-44.566,-15.4052,1787606495730,2026-08-24 21:21:35,501187233627.2715,green,0,5.6,False,https://earthquake.usgs.gov/earthquakes/eventpage/us7000tcmp
us6000tn8w,"M 4.6 - 176 km ESE of Kimbe, Papua New Guinea","176 km ESE of Kimbe, Papua New Guinea",4.6,mb,10.0,Shallow (0-70 km),-6.3704,151.5046,1787605335452,2026-08-24 21:02:15,501187233627.2715,green,0,5.6,False,https://earthquake.usgs.gov/earthquakes/eventpage/us6000tn8w
us6000tn80,"M 5.0 - 209 km NNE of Lospalos, Timor Leste","209 km NNE of Lospalos, Timor Leste",5.0,mb,9.9,Shallow (0-70 km),-6.6988,127.4995,1787598003468,2026-08-24 19:00:03,1995262314968.8828,green,0,6.2,False,https://earthquake.usgs.gov/earthquakes/eventpage/us6000tn80
us6000tn7i,"M 4.5 - 99 km ENE of Noda, Japan","99 km ENE of Noda, Japan",4.5,mb,35.0,Shallow (0-70 km),40.4314,142.9057,1787594821131,2026-08-24 18:07:01,354813389233.57605,green,0,4.1,False,https://earthquake.usgs.gov/earthquakes/eventpage/us6000tn7i
us6000tn6z,"M 4.7 - Pagan region, Northern Mariana Islands","Pagan region, Northern Mariana Islands",4.7,mb,204.7,Intermediate (70-300 km),18.6678,145.6811,1787588723787,2026-08-24 16:25:23,707945784384.1403,green,0,2.5,False,https://earthquake.usgs.gov/earthquakes/eventpage/us6000tn6z
us6000tn4p,"M 4.9 - 90 km SE of Taira, Japan","90 km SE of Taira, Japan",4.9,mb,10.0,Shallow (0-70 km),25.9821,128.7039,1787585251932,2026-08-24 15:27:31,1412537544622.7554,green,0,6.1,False,https://earthquake.usgs.gov/earthquakes/eventpage/us6000tn4p
us6000tn4m,"M 4.8 - 90 km N of Ruteng, Indonesia","90 km N of Ruteng, Indonesia",4.8,mb,10.0,Shallow (0-70 km),-7.793,120.4309,1787584334710,2026-08-24 15:12:14,1000000000000.0,green,0,5.9,False,https://earthquake.usgs.gov/earthquakes/eventpage/us6000tn4m
us6000tn41,"M 6.0 - 211 km NNE of Lospalos, Timor Leste","211 km NNE of Lospalos, Timor Leste",6.0,mww,10.0,Shallow (0-70 km),-6.6551,127.4245,1787580617347,2026-08-24 14:10:17,63095734448019.43,green,0,3.998,False,https://earthquake.usgs.gov/earthquakes/eventpage/us6000tn41
us6000tn3t,M 5.0 - southern Mid-Atlantic Ridge,southern Mid-Atlantic Ridge,5.0,mb,10.0,Shallow (0-70 km),-17.7036,-13.8368,1787574571627,2026-08-24 12:29:31,1995262314968.8828,green,0,6.2,False,https://earthquake.usgs.gov/earthquakes/eventpage/us6000tn3t
us6000tn37,"M 4.9 - 218 km ENE of Neiafu, Tonga","218 km ENE of Neiafu, Tonga",4.9,mb,10.0,Shallow (0-70 km),-18.1013,-171.9977,1787566783962,2026-08-24 10:19:43,1412537544622.7554,green,0,6.1,False,https://earthquake.usgs.gov/earthquakes/eventpage/us6000tn37
us6000tn33,"M 5.5 - 207 km SSE of Amahai, Indonesia","207 km SSE of Amahai, Indonesia",5.5,mww,10.0,Shallow (0-70 km),-5.0525,129.6871,1787565778888,2026-08-24 10:02:58,11220184543019.652,green,0,3.749,False,https://earthquake.usgs.gov/earthquakes/eventpage/us6000tn33
us7000tcm5,"M 4.6 - Bonin Islands, Japan region","Bonin Islands, Japan region",4.6,mb,10.0,Shallow (0-70 km),26.3857,142.5236,1787562638473,2026-08-24 09:10:38,501187233627.2715,green,0,5.6,False,https://earthquake.usgs.gov/earthquakes/eventpage/us7000tcm5
us6000tn2j,"M 4.9 - 10 km NNW of Cot, Costa Rica","10 km NNW of Cot, Costa Rica",4.9,mb,10.0,Shallow (0-70 km),9.9853,-83.9132,1787557037435,2026-08-24 07:37:17,1412537544622.7554,green,91,6.1,False,https://earthquake.usgs.gov/earthquakes/eventpage/us6000tn2j
us6000tn2d,"M 4.5 - 104 km WNW of Houma, Tonga","104 km WNW of Houma, Tonga",4.5,mb,209.2,Intermediate (70-300 km),-20.9867,-176.289,1787550047930,2026-08-24 05:40:47,354813389233.57605,green,0,2.1,False,https://earthquake.usgs.gov/earthquakes/eventpage/us6000tn2d
us6000tn29,"M 4.5 - 41 km ESE of Tinogasta, Argentina","41 km ESE of Tinogasta, Argentina",4.5,mb,129.5,Intermediate (70-300 km),-28.143,-67.1543,1787547844171,2026-08-24 05:04:04,354813389233.57605,green,0,2.7,False,https://earthquake.usgs.gov/earthquakes/eventpage/us6000tn29
us6000tn25,"M 4.8 - 27 km WSW of Sarangani, Philippines","27 km WSW of Sarangani, Philippines",4.8,mb,68.3,Shallow (0-70 km),5.3312,125.2291,1787543973162,2026-08-24 03:59:33,1000000000000.0,green,0,3.8,False,https://earthquake.usgs.gov/earthquakes/eventpage/us6000tn25
us6000tn1z,M 4.9 - southern Mid-Atlantic Ridge,southern Mid-Atlantic Ridge,4.9,mb,10.0,Shallow (0-70 km),-12.5855,-14.9436,1787539508811,2026-08-24 02:45:08,1412537544622.7554,green,0,6.1,False,https://earthquake.usgs.gov/earthquakes/eventpage/us6000tn1z
us6000tn1v,"M 4.7 - 70 km N of Ruteng, Indonesia","70 km N of Ruteng, Indonesia",4.7,mb,10.0,Shallow (0-70 km),-7.978,120.4269,1787537979107,2026-08-24 02:19:39,707945784384.1403,green,0,5.8,False,https://earthquake.usgs.gov/earthquakes/eventpage/us6000tn1v
us6000tn1k,"M 4.6 - 45 km N of Ruteng, Indonesia","45 km N of Ruteng, Indonesia",4.6,mb,10.0,Shallow (0-70 km),-8.1972,120.4889,1787533979698,2026-08-24 01:12:59,501187233627.2715,green,0,5.6,False,https://earthquake.usgs.gov/earthquakes/eventpage/us6000tn1k
us6000tn1h,"M 4.9 - 7 km NNW of Bowangshan, China","7 km NNW of Bowangshan, China",4.9,mww,10.0,Shallow (0-70 km),28.3767,105.0358,1787531181729,2026-08-24 00:26:21,1412537544622.7554,green,1,6.1,False,https://earthquake.usgs.gov/earthquakes/eventpage/us6000tn1h
us6000tn1g,"M 4.6 - 68 km NNE of Labuan Bajo, Indonesia","68 km NNE of Labuan Bajo, Indonesia",4.6,mb,10.0,Shallow (0-70 km),-7.9116,120.0824,1787530923882,2026-08-24 00:22:03,501187233627.2715,green,0,5.6,False,https://earthquake.usgs.gov/earthquakes/eventpage/us6000tn1g
us6000tn19,"M 5.0 - 231 km ESE of Attu Station, Alaska","231 km ESE of Attu Station, Alaska",5.0,mb,8.1,Shallow (0-70 km),52.1915,176.4305,1787527234888,2026-08-23 23:20:34,1995262314968.8828,green,1,3.828,False,https://earthquake.usgs.gov/earthquakes/eventpage/us6000tn19
us6000tn14,"M 4.7 - 54 km NNE of Ruteng, Indonesia","54 km NNE of Ruteng, Indonesia",4.7,mb,10.0,Shallow (0-70 km),-8.1459,120.6249,1787525850450,2026-08-23 22:57:30,707945784384.1403,green,0,5.8,False,https://earthquake.usgs.gov/earthquakes/eventpage/us6000tn14
us6000tn0t,"M 5.2 - 126 km W of Lata, Solomon Islands","126 km W of Lata, Solomon Islands",5.2,mww,10.0,Shallow (0-70 km),-10.7075,164.6414,1787520740989,2026-08-23 21:32:20,3981071705534.9854,green,0,6.5,False,https://earthquake.usgs.gov/earthquakes/eventpage/us6000tn0t
us7000tclj,"M 4.5 - 5 km E of Labuan Bajo, Indonesia","5 km E of Labuan Bajo, Indonesia",4.5,mb,10.0,Shallow (0-70 km),-8.5046,119.9371,1787520421392,2026-08-23 21:27:01,354813389233.57605,green,0,5.5,False,https://earthquake.usgs.gov/earthquakes/eventpage/us7000tclj
us6000tn0s,"M 5.2 - 63 km NE of Ruteng, Indonesia","63 km NE of Ruteng, Indonesia",5.2,mb,10.0,Shallow (0-70 km),-8.1851,120.8487,1787520015850,2026-08-23 21:20:15,3981071705534.9854,green,3,6.5,False,https://earthquake.usgs.gov/earthquakes/eventpage/us6000tn0s
us6000tn0n,"M 4.5 - 25 km ESE of Coihueco, Chile","25 km ESE of Coihueco, Chile",4.5,mb,100.1,Intermediate (70-300 km),-36.7425,-71.5893,1787517495056,2026-08-23 20:38:15,354813389233.57605,green,0,2.9,False,https://earthquake.usgs.gov/earthquakes/eventpage/us6000tn0n
us6000tn0a,"M 4.7 - 56 km ESE of Mangili, Philippines","56 km ESE of Mangili, Philippines",4.7,mb,11.2,Shallow (0-70 km),5.8271,126.1654,1787511458878,2026-08-23 18:57:38,707945784384.1403,green,0,5.6,False,https://earthquake.usgs.gov/earthquakes/eventpage/us6000tn0a
us6000tmzy,"M 4.5 - 77 km WNW of El Aguilar, Argentina","77 km WNW of El Aguilar, Argentina",4.5,mb,223.2,Intermediate (70-300 km),-23.0699,-66.4169,1787507790362,2026-08-23 17:56:30,354813389233.57605,green,0,2.1,False,https://earthquake.usgs.gov/earthquakes/eventpage/us6000tmzy
us6000tmzw,M 4.9 - South Sandwich Islands region,South Sandwich Islands region,4.9,mb,35.0,Shallow (0-70 km),-58.7568,-25.2117,1787505809488,2026-08-23 17:23:29,1412537544622.7554,green,0,4.7,False,https://earthquake.usgs.gov/earthquakes/eventpage/us6000tmzw
us6000tmzm,"M 4.5 - 4 km NNW of Honchō, Japan","4 km NNW of Honchō, Japan",4.5,mb,60.4,Shallow (0-70 km),42.1645,142.8974,1787502975059,2026-08-23 16:36:15,354813389233.57605,green,0,3.5,False,https://earthquake.usgs.gov/earthquakes/eventpage/us6000tmzm
us6000tmzd,"M 4.7 - 78 km S of Panguna, Papua New Guinea","78 km S of Panguna, Papua New Guinea",4.7,mb,10.0,Shallow (0-70 km),-7.0152,155.382,1787493958585,2026-08-23 14:05:58,707945784384.1403,green,0,5.8,False,https://earthquake.usgs.gov/earthquakes/eventpage/us6000tmzd
us6000tmz6,"M 6.0 - 32 km SSW of Honchō, Japan","32 km SSW of Honchō, Japan",6.0,mww,41.0,Shallow (0-70 km),41.8495,142.802,1787492693389,2026-08-23 13:44:53,63095734448019.43,green,12,5.551,False,https://earthquake.usgs.gov/earthquakes/eventpage/us6000tmz6
us6000tmyk,M 5.3 - southern Mid-Atlantic Ridge,southern Mid-Atlantic Ridge,5.3,mb,10.0,Shallow (0-70 km),-12.8299,-14.8524,1787484161913,2026-08-23 11:22:41,5623413251903.491,green,0,6.6,False,https://earthquake.usgs.gov/earthquakes/eventpage/us6000tmyk
us6000tmy3,"M 4.6 - 52 km NNW of Barishal, Pakistan","52 km NNW of Barishal, Pakistan",4.6,mwr,45.5,Shallow (0-70 km),36.7596,74.4767,1787479482433,2026-08-23 10:04:42,501187233627.2715,green,0,4.0,False,https://earthquake.usgs.gov/earthquakes/eventpage/us6000tmy3
us6000tmxn,"M 5.2 - 135 km ESE of Kirakira, Solomon Islands","135 km ESE of Kirakira, Solomon Islands",5.2,mww,128.0,Intermediate (70-300 km),-10.8676,163.084,1787472758702,2026-08-23 08:12:38,3981071705534.9854,green,0,3.7,False,https://earthquake.usgs.gov/earthquakes/eventpage/us6000tmxn
us7000tcl6,"M 4.5 - 213 km SSE of Vilyuchinsk, Russia","213 km SSE of Vilyuchinsk, Russia",4.5,mb,10.0,Shallow (0-70 km),51.3452,160.1585,1787471573707,2026-08-23 07:52:53,354813389233.57605,green,0,5.5,False,https://earthquake.usgs.gov/earthquakes/eventpage/us7000tcl6
us7000tcky,M 4.6 - Scotia Sea,Scotia Sea,4.6,mb,10.0,Shallow (0-70 km),-60.2591,-47.2337,1787459027597,2026-08-23 04:23:47,501187233627.2715,green,0,5.6,False,https://earthquake.usgs.gov/earthquakes/eventpage/us7000tcky
us7000tckx,M 4.6 - Scotia Sea,Scotia Sea,4.6,mb,10.0,Shallow (0-70 km),-60.2801,-47.3868,1787458785177,2026-08-23 04:19:45,501187233627.2715,green,0,5.6,False,https://earthquake.usgs.gov/earthquakes/eventpage/us7000tckx
us6000tmwk,"M 4.6 - 38 km ENE of Tharyarwady, Burma (Myanmar)","38 km ENE of Tharyarwady, Burma (Myanmar)",4.6,mb,10.0,Shallow (0-70 km),17.7899,96.1264,1787456696575,2026-08-23 03:44:56,501187233627.2715,green,0,5.6,False,https://earthquake.usgs.gov/earthquakes/eventpage/us6000tmwk
us6000tmut,"M 4.5 - 62 km NNE of Ruteng, Indonesia","62 km NNE of Ruteng, Indonesia",4.5,mb,10.0,Shallow (0-70 km),-8.1213,120.741,1787436062600,2026-08-22 22:01:02,354813389233.57605,green,0,5.5,False,https://earthquake.usgs.gov/earthquakes/eventpage/us6000tmut
us6000tmuq,"M 4.5 - 99 km WSW of Puerto Madero, Mexico","99 km WSW of Puerto Madero, Mexico",4.5,mb,10.0,Shallow (0-70 km),14.2546,-93.2061,1787435621566,2026-08-22 21:53:41,354813389233.57605,green,0,5.5,False,https://earthquake.usgs.gov/earthquakes/eventpage/us6000tmuq
us6000tmtu,"M 4.8 - 77 km S of Gorontalo, Indonesia","77 km S of Gorontalo, Indonesia",4.8,mww,110.1,Intermediate (70-300 km),-0.1606,123.032,1787428447401,2026-08-22 19:54:07,1000000000000.0,green,0,3.3,False,https://earthquake.usgs.gov/earthquakes/eventpage/us6000tmtu
us6000tmtm,"M 4.6 - 29 km NNE of Calama, Chile","29 km NNE of Calama, Chile",4.6,mwr,105.5,Intermediate (70-300 km),-22.2087,-68.8154,1787424387783,2026-08-22 18:46:27,501187233627.2715,green,0,3.0,False,https://earthquake.usgs.gov/earthquakes/eventpage/us6000tmtm
us6000tmte,"M 4.5 - 113 km SSW of Sungai Penuh, Indonesia","113 km SSW of Sungai Penuh, Indonesia",4.5,mb,37.8,Shallow (0-70 km),-2.9378,100.862,1787420409267,2026-08-22 17:40:09,354813389233.57605,green,0,4.0,False,https://earthquake.usgs.gov/earthquakes/eventpage/us6000tmte
us6000tmt8,"M 4.6 - 80 km N of Ruteng, Indonesia","80 km N of Ruteng, Indonesia",4.6,mb,10.0,Shallow (0-70 km),-7.8936,120.5992,1787416976593,2026-08-22 16:42:56,501187233627.2715,green,0,5.6,False,https://earthquake.usgs.gov/earthquakes/eventpage/us6000tmt8
us6000tmt7,"M 4.7 - 170 km SW of Sungai Penuh, Indonesia","170 km SW of Sungai Penuh, Indonesia",4.7,mb,26.3,Shallow (0-70 km),-3.2971,100.4875,1787416384780,2026-08-22 16:33:04,707945784384.1403,green,0,4.7,False,https://earthquake.usgs.gov/earthquakes/eventpage/us6000tmt7
us6000tmrx,"M 4.8 - 83 km NNE of Ruteng, Indonesia","83 km NNE of Ruteng, Indonesia",4.8,mb,10.0,Shallow (0-70 km),-7.8939,120.6999,1787387340857,2026-08-22 08:29:00,1000000000000.0,green,0,5.9,False,https://earthquake.usgs.gov/earthquakes/eventpage/us6000tmrx
us6000tmrw,M 6.2 - Scotia Sea,Scotia Sea,6.2,mww,10.0,Shallow (0-70 km),-60.3789,-47.6047,1787386957740,2026-08-22 08:22:37,125892541179417.14,green,0,3.837,False,https://earthquake.usgs.gov/earthquakes/eventpage/us6000tmrw
us6000tmrq,"M 4.6 - 76 km SSW of San Jose Village, Northern Mariana Islands","76 km SSW of San Jose Village, Northern Mariana Islands",4.6,mb,115.9,Intermediate (70-300 km),14.337,145.3295,1787384631050,2026-08-22 07:43:51,501187233627.2715,green,0,2.9,False,https://earthquake.usgs.gov/earthquakes/eventpage/us6000tmrq
us6000tmrn,M 5.7 - Scotia Sea,Scotia Sea,5.7,mb,10.0,Shallow (0-70 km),-60.2649,-47.2591,1787384412697,2026-08-22 07:40:12,22387211385683.47,green,0,3.559,False,https://earthquake.usgs.gov/earthquakes/eventpage/us6000tmrn
us6000tmri,M 4.9 - northern Mid-Atlantic Ridge,northern Mid-Atlantic Ridge,4.9,mb,10.0,Shallow (0-70 km),12.5208,-44.6327,1787383285611,2026-08-22 07:21:25,1412537544622.7554,green,0,6.1,False,https://earthquake.usgs.gov/earthquakes/eventpage/us6000tmri
us6000tmrf,"M 5.0 - 45 km SE of Lukatan, Philippines","45 km SE of Lukatan, Philippines",5.0,mb,107.8,Intermediate (70-300 km),6.7397,126.7362,1787381019032,2026-08-22 06:43:39,1995262314968.8828,green,2,3.6,False,https://earthquake.usgs.gov/earthquakes/eventpage/us6000tmrf
us6000tmra,"M 4.9 - 167 km SE of San Jose Village, Northern Mariana Islands","167 km SE of San Jose Village, Northern Mariana Islands",4.9,mb,10.0,Shallow (0-70 km),13.8954,146.7194,1787377627443,2026-08-22 05:47:07,1412537544622.7554,green,1,6.1,False,https://earthquake.usgs.gov/earthquakes/eventpage/us6000tmra
us6000tmr7,"M 4.7 - 71 km NNW of Ende, Indonesia","71 km NNW of Ende, Indonesia",4.7,mb,10.0,Shallow (0-70 km),-8.2301,121.4575,1787377511914,2026-08-22 05:45:11,707945784384.1403,green,0,5.8,False,https://earthquake.usgs.gov/earthquakes/eventpage/us6000tmr7
us6000tmr1,"M 4.5 - 89 km W of Paramonga, Peru","89 km W of Paramonga, Peru",4.5,mb,35.6,Shallow (0-70 km),-10.7829,-78.6432,1787373913659,2026-08-22 04:45:13,354813389233.57605,green,0,4.1,False,https://earthquake.usgs.gov/earthquakes/eventpage/us6000tmr1
us6000tmr2,"M 5.0 - 5 km NNE of Bangonay, Philippines","5 km NNE of Bangonay, Philippines",5.0,mb,10.0,Shallow (0-70 km),9.3576,125.5685,1787373848708,2026-08-22 04:44:08,1995262314968.8828,green,2,6.2,False,https://earthquake.usgs.gov/earthquakes/eventpage/us6000tmr2
us7000tccj,"M 4.5 - 22 km W of Harrison, Philippines","22 km W of Harrison, Philippines",4.5,mb,35.0,Shallow (0-70 km),13.4148,120.2316,1787365598306,2026-08-22 02:26:38,354813389233.57605,green,0,4.1,False,https://earthquake.usgs.gov/earthquakes/eventpage/us7000tccj
us6000tmq8,"M 4.6 - 31 km N of Ruteng, Indonesia","31 km N of Ruteng, Indonesia",4.6,mb,10.0,Shallow (0-70 km),-8.3321,120.4149,1787363968567,2026-08-22 01:59:28,501187233627.2715,green,0,5.6,False,https://earthquake.usgs.gov/earthquakes/eventpage/us6000tmq8
us7000tcci,M 4.7 - southern Mid-Atlantic Ridge,southern Mid-Atlantic Ridge,4.7,mb,10.0,Shallow (0-70 km),-12.4487,-14.9975,1787363459190,2026-08-22 01:50:59,707945784384.1403,green,0,5.8,False,https://earthquake.usgs.gov/earthquakes/eventpage/us7000tcci
us6000tmq6,M 5.3 - southern Mid-Atlantic Ridge,southern Mid-Atlantic Ridge,5.3,mww,10.0,Shallow (0-70 km),-12.7437,-14.759,1787362497440,2026-08-22 01:34:57,5623413251903.491,green,0,6.6,False,https://earthquake.usgs.gov/earthquakes/eventpage/us6000tmq6
us6000tmq5,"M 5.2 - 52 km N of Ruteng, Indonesia","52 km N of Ruteng, Indonesia",5.2,mww,10.0,Shallow (0-70 km),-8.1406,120.5537,1787362258707,2026-08-22 01:30:58,3981071705534.9854,green,0,6.5,False,https://earthquake.usgs.gov/earthquakes/eventpage/us6000tmq5
us6000tmnz,"M 4.7 - 148 km NE of Diego de Almagro, Chile","148 km NE of Diego de Almagro, Chile",4.7,mb,105.5,Intermediate (70-300 km),-25.5602,-68.8851,1787351163341,2026-08-21 22:26:03,707945784384.1403,green,0,3.2,False,https://earthquake.usgs.gov/earthquakes/eventpage/us6000tmnz
us6000tmn5,"M 4.9 - 83 km NNE of Ruteng, Indonesia","83 km NNE of Ruteng, Indonesia",4.9,mb,10.0,Shallow (0-70 km),-7.8778,120.6371,1787343713693,2026-08-21 20:21:53,1412537544622.7554,green,0,6.1,False,https://earthquake.usgs.gov/earthquakes/eventpage/us6000tmn5
us6000tmm3,"M 4.7 - 197 km SE of Miyakojima, Japan","197 km SE of Miyakojima, Japan",4.7,mb,10.0,Shallow (0-70 km),23.7035,126.854,1787335520871,2026-08-21 18:05:20,707945784384.1403,green,0,5.8,False,https://earthquake.usgs.gov/earthquakes/eventpage/us6000tmm3
us6000tmlu,"M 5.8 - 187 km SW of Labuan, Indonesia","187 km SW of Labuan, Indonesia",5.8,mww,9.0,Shallow (0-70 km),-7.5318,104.5854,1787334104174,2026-08-21 17:41:44,31622776601683.793,green,1,3.663,False,https://earthquake.usgs.gov/earthquakes/eventpage/us6000tmlu
us6000tmlk,"M 4.9 - 87 km N of Ruteng, Indonesia","87 km N of Ruteng, Indonesia",4.9,mb,10.0,Shallow (0-70 km),-7.8211,120.4191,1787331997509,2026-08-21 17:06:37,1412537544622.7554,green,0,6.1,False,https://earthquake.usgs.gov/earthquakes/eventpage/us6000tmlk
us6000tmlh,"M 4.6 - 131 km W of Pangai, Tonga","131 km W of Pangai, Tonga",4.6,mb,272.9,Intermediate (70-300 km),-19.6215,-175.5959,1787330736257,2026-08-21 16:45:36,501187233627.2715,green,0,2.0,False,https://earthquake.usgs.gov/earthquakes/eventpage/us6000tmlh
us6000tmkv,"M 4.5 - 32 km WNW of Ruteng, Indonesia","32 km WNW of Ruteng, Indonesia",4.5,mb,10.0,Shallow (0-70 km),-8.4834,120.1965,1787328329136,2026-08-21 16:05:29,354813389233.57605,green,1,5.5,False,https://earthquake.usgs.gov/earthquakes/eventpage/us6000tmkv
us6000tmyx,M 4.5 - southern East Pacific Rise,southern East Pacific Rise,4.5,mb,10.0,Shallow (0-70 km),-35.3404,-105.5777,1787327365152,2026-08-21 15:49:25,354813389233.57605,green,0,5.5,False,https://earthquake.usgs.gov/earthquakes/eventpage/us6000tmyx
us6000tmys,M 4.6 - northern Mid-Atlantic Ridge,northern Mid-Atlantic Ridge,4.6,mb,10.0,Shallow (0-70 km),48.0431,-27.6401,1787319847256,2026-08-21 13:44:07,501187233627.2715,green,0,5.6,False,https://earthquake.usgs.gov/earthquakes/eventpage/us6000tmys
us6000tmfv,M 4.5 - south of the Fiji Islands,south of the Fiji Islands,4.5,mb,522.3,Deep (>300 km),-24.5302,179.8055,1787317873084,2026-08-21 13:11:13,354813389233.57605,green,0,1.2,False,https://earthquake.usgs.gov/earthquakes/eventpage/us6000tmfv
us6000tmft,M 5.4 - South Sandwich Islands region,South Sandwich Islands region,5.4,mb,152.0,Intermediate (70-300 km),-58.837,-26.5525,1787317600031,2026-08-21 13:06:40,7943282347242.8545,green,0,2.98,False,https://earthquake.usgs.gov/earthquakes/eventpage/us6000tmft
us6000tmfl,"M 4.9 - 149 km WSW of Fakfak, Indonesia","149 km WSW of Fakfak, Indonesia",4.9,mb,10.0,Shallow (0-70 km),-3.4075,131.0401,1787315570793,2026-08-21 12:32:50,1412537544622.7554,green,0,6.1,False,https://earthquake.usgs.gov/earthquakes/eventpage/us6000tmfl
us6000tmfi,M 4.7 - Kermadec Islands region,Kermadec Islands region,4.7,mb,75.8,Intermediate (70-300 km),-31.9442,-178.6766,1787314743257,2026-08-21 12:19:03,707945784384.1403,green,0,3.6,False,https://earthquake.usgs.gov/earthquakes/eventpage/us6000tmfi
us6000tmfe,"M 5.4 - 153 km SSE of Tateyama, Japan","153 km SSE of Tateyama, Japan",5.4,mww,65.5,Shallow (0-70 km),33.6984,140.4935,1787313727291,2026-08-21 12:02:07,7943282347242.8545,green,9,3.571,False,https://earthquake.usgs.gov/earthquakes/eventpage/us6000tmfe
us6000tmfc,M 4.5 - Banda Sea,Banda Sea,4.5,mb,170.8,Intermediate (70-300 km),-6.4292,130.0009,1787313328185,2026-08-21 11:55:28,354813389233.57605,green,0,2.4,False,https://earthquake.usgs.gov/earthquakes/eventpage/us6000tmfc
us6000tmfd,"M 4.6 - 63 km NE of Ruteng, Indonesia","63 km NE of Ruteng, Indonesia",4.6,mb,10.0,Shallow (0-70 km),-8.2668,120.9283,1787313289869,2026-08-21 11:54:49,501187233627.2715,green,0,5.6,False,https://earthquake.usgs.gov/earthquakes/eventpage/us6000tmfd
us6000tmf7,"M 4.5 - 49 km N of Ruteng, Indonesia","49 km N of Ruteng, Indonesia",4.5,mb,10.0,Shallow (0-70 km),-8.1698,120.5136,1787311012040,2026-08-21 11:16:52,354813389233.57605,green,0,5.5,False,https://earthquake.usgs.gov/earthquakes/eventpage/us6000tmf7
us6000tmf5,"M 4.7 - 40 km NNE of Ruteng, Indonesia","40 km NNE of Ruteng, Indonesia",4.7,mb,9.3,Shallow (0-70 km),-8.2545,120.5639,1787310183467,2026-08-21 11:03:03,707945784384.1403,green,0,5.8,False,https://earthquake.usgs.gov/earthquakes/eventpage/us6000tmf5
us6000tmf2,"M 4.5 - 237 km NNW of Kuril’sk, Russia","237 km NNW of Kuril’sk, Russia",4.5,mb,350.5,Deep (>300 km),47.2192,146.7826,1787308737051,2026-08-21 10:38:57,354813389233.57605,green,0,1.6,False,https://earthquake.usgs.gov/earthquakes/eventpage/us6000tmf2
us6000tmes,"M 5.1 - 1 km N of Alegria, Philippines","1 km N of Alegria, Philippines",5.1,mb,10.0,Shallow (0-70 km),9.4833,125.5784,1787304156390,2026-08-21 09:22:36,2818382931264.449,green,1,6.3,False,https://earthquake.usgs.gov/earthquakes/eventpage/us6000tmes
us6000tmer,"M 5.2 - 19 km W of Jabonga, Philippines","19 km W of Jabonga, Philippines",5.2,mb,10.0,Shallow (0-70 km),9.3382,125.342,1787303540890,2026-08-21 09:12:20,3981071705534.9854,green,5,6.5,False,https://earthquake.usgs.gov/earthquakes/eventpage/us6000tmer
us6000tmek,"M 4.5 - 47 km N of Ruteng, Indonesia","47 km N of Ruteng, Indonesia",4.5,mb,8.6,Shallow (0-70 km),-8.184,120.4425,1787301016147,2026-08-21 08:30:16,354813389233.57605,green,0,5.6,False,https://earthquake.usgs.gov/earthquakes/eventpage/us6000tmek
us6000tmej,"M 4.9 - 86 km N of Ruteng, Indonesia","86 km N of Ruteng, Indonesia",4.9,mb,35.1,Shallow (0-70 km),-7.8322,120.4643,1787300040531,2026-08-21 08:14:00,1412537544622.7554,green,0,4.7,False,https://earthquake.usgs.gov/earthquakes/eventpage/us6000tmej
us6000tmei,M 5.1 - south of Tonga,south of Tonga,5.1,mb,10.0,Shallow (0-70 km),-24.8208,-175.2565,1787299953842,2026-08-21 08:12:33,2818382931264.449,green,0,6.3,False,https://earthquake.usgs.gov/earthquakes/eventpage/us6000tmei
us6000tme0,M 4.6 - south of Africa,south of Africa,4.6,mb,10.0,Shallow (0-70 km),-53.142,23.5692,1787291806764,2026-08-21 05:56:46,501187233627.2715,green,0,5.6,False,https://earthquake.usgs.gov/earthquakes/eventpage/us6000tme0
us6000tmd2,"M 4.6 - 26 km NNE of Ruteng, Indonesia","26 km NNE of Ruteng, Indonesia",4.6,mb,10.0,Shallow (0-70 km),-8.3786,120.5112,1787279587261,2026-08-21 02:33:07,501187233627.2715,green,0,5.6,False,https://earthquake.usgs.gov/earthquakes/eventpage/us6000tmd2
us6000tmcn,"M 4.6 - 75 km NNW of Ende, Indonesia","75 km NNW of Ende, Indonesia",4.6,mb,10.0,Shallow (0-70 km),-8.2424,121.3386,1787276322201,2026-08-21 01:38:42,501187233627.2715,green,0,5.6,False,https://earthquake.usgs.gov/earthquakes/eventpage/us6000tmcn
us6000tmcj,"M 4.6 - 40 km NNE of Ruteng, Indonesia","40 km NNE of Ruteng, Indonesia",4.6,mb,10.0,Shallow (0-70 km),-8.2718,120.6,1787275085731,2026-08-21 01:18:05,501187233627.2715,green,0,5.6,False,https://earthquake.usgs.gov/earthquakes/eventpage/us6000tmcj
us6000tmc4,"M 4.7 - 10 km W of Onna, Japan","10 km W of Onna, Japan",4.7,mb,42.7,Shallow (0-70 km),26.504,127.747,1787270480609,2026-08-21 00:01:20,707945784384.1403,green,1,4.2,False,https://earthquake.usgs.gov/earthquakes/eventpage/us6000tmc4
us6000tmbw,M 5.0 - Pacific-Antarctic Ridge,Pacific-Antarctic Ridge,5.0,mb,10.0,Shallow (0-70 km),-56.8834,-141.5484,1787269001316,2026-08-20 23:36:41,1995262314968.8828,green,0,6.2,False,https://earthquake.usgs.gov/earthquakes/eventpage/us6000tmbw
us6000tmb4,"M 4.5 - 79 km N of Saipan, Northern Mariana Islands","79 km N of Saipan, Northern Mariana Islands",4.5,mb,211.3,Intermediate (70-300 km),15.9213,145.6136,1787263060222,2026-08-20 21:57:40,354813389233.57605,green,0,2.1,False,https://earthquake.usgs.gov/earthquakes/eventpage/us6000tmb4
us6000tma7,"M 4.7 - 98 km NNE of Ruteng, Indonesia","98 km NNE of Ruteng, Indonesia",4.7,mb,10.0,Shallow (0-70 km),-7.7732,120.7536,1787259146299,2026-08-20 20:52:26,707945784384.1403,green,0,5.8,False,https://earthquake.usgs.gov/earthquakes/eventpage/us6000tma7
us6000tm9h,"M 5.0 - 81 km NNW of Ende, Indonesia","81 km NNW of Ende, Indonesia",5.0,mb,10.0,Shallow (0-70 km),-8.1732,121.3645,1787255631720,2026-08-20 19:53:51,1995262314968.8828,green,0,6.2,False,https://earthquake.usgs.gov/earthquakes/eventpage/us6000tm9h
us6000tm93,"M 5.0 - 69 km NW of Ende, Indonesia","69 km NW of Ende, Indonesia",5.0,mb,10.0,Shallow (0-70 km),-8.402,121.2108,1787253842793,2026-08-20 19:24:02,1995262314968.8828,green,0,6.2,False,https://earthquake.usgs.gov/earthquakes/eventpage/us6000tm93
us7000tc71,"M 4.5 - 83 km NE of Ruteng, Indonesia","83 km NE of Ruteng, Indonesia",4.5,mb,10.0,Shallow (0-70 km),-7.9984,120.9016,1787253334627,2026-08-20 19:15:34,354813389233.57605,green,0,5.5,False,https://earthquake.usgs.gov/earthquakes/eventpage/us7000tc71
us7000tc70,"M 5.0 - 41 km ENE of Labuan Bajo, Indonesia","41 km ENE of Labuan Bajo, Indonesia",5.0,mb,10.0,Shallow (0-70 km),-8.3073,120.2123,1787250602521,2026-08-20 18:30:02,1995262314968.8828,green,0,6.2,False,https://earthquake.usgs.gov/earthquakes/eventpage/us7000tc70
us6000tm8j,"M 5.1 - 180 km SE of Kokopo, Papua New Guinea","180 km SE of Kokopo, Papua New Guinea",5.1,mb,35.0,Shallow (0-70 km),-5.478,153.4364,1787250320048,2026-08-20 18:25:20,2818382931264.449,green,0,5.0,False,https://earthquake.usgs.gov/earthquakes/eventpage/us6000tm8j
us6000tm8h,"M 5.6 - 68 km NNW of Ende, Indonesia","68 km NNW of Ende, Indonesia",5.6,mb,10.0,Shallow (0-70 km),-8.297,121.3718,1787249571589,2026-08-20 18:12:51,15848931924611.11,green,0,5.223,False,https://earthquake.usgs.gov/earthquakes/eventpage/us6000tm8h
us6000tm42,"M 5.0 - 172 km NE of Lorengau, Papua New Guinea","172 km NE of Lorengau, Papua New Guinea",5.0,mb,10.0,Shallow (0-70 km),-1.143,148.5466,1787234100046,2026-08-20 13:55:00,1995262314968.8828,green,0,6.2,False,https://earthquake.usgs.gov/earthquakes/eventpage/us6000tm42
us6000tm9q,"M 4.5 - 105 km NNW of Ende, Indonesia","105 km NNW of Ende, Indonesia",4.5,mb,10.0,Shallow (0-70 km),-7.995,121.216,1787228928185,2026-08-20 12:28:48,354813389233.57605,green,0,5.5,False,https://earthquake.usgs.gov/earthquakes/eventpage/us6000tm9q
us6000tm3t,"M 4.8 - 216 km E of Levuka, Fiji","216 km E of Levuka, Fiji",4.8,mb,574.0,Deep (>300 km),-17.8188,-178.6541,1787228856949,2026-08-20 12:27:36,1000000000000.0,green,0,1.5,False,https://earthquake.usgs.gov/earthquakes/eventpage/us6000tm3t
us6000tm31,"M 4.6 - 86 km NNE of Ruteng, Indonesia","86 km NNE of Ruteng, Indonesia",4.6,mb,10.0,Shallow (0-70 km),-7.9402,120.8686,1787220506207,2026-08-20 10:08:26,501187233627.2715,green,0,5.6,False,https://earthquake.usgs.gov/earthquakes/eventpage/us6000tm31
us6000tm30,"M 4.6 - 269 km SSE of Dunhuang, China","269 km SSE of Dunhuang, China",4.6,mb,10.0,Shallow (0-70 km),37.8289,95.5341,1787220340909,2026-08-20 10:05:40,501187233627.2715,green,0,5.6,False,https://earthquake.usgs.gov/earthquakes/eventpage/us6000tm30
us6000tm2y,"M 5.0 - 273 km SSE of Dunhuang, China","273 km SSE of Dunhuang, China",5.0,mww,10.0,Shallow (0-70 km),37.793,95.5387,1787219387985,2026-08-20 09:49:47,1995262314968.8828,green,0,6.2,False,https://earthquake.usgs.gov/earthquakes/eventpage/us6000tm2y
us6000tm2v,"M 5.3 - 48 km NNE of Ruteng, Indonesia","48 km NNE of Ruteng, Indonesia",5.3,mb,10.0,Shallow (0-70 km),-8.2215,120.6701,1787218252720,2026-08-20 09:30:52,5623413251903.491,green,1,6.6,False,https://earthquake.usgs.gov/earthquakes/eventpage/us6000tm2v
us6000tm2t,"M 4.8 - 69 km NNE of Ruteng, Indonesia","69 km NNE of Ruteng, Indonesia",4.8,mb,30.9,Shallow (0-70 km),-8.0089,120.6397,1787216038163,2026-08-20 08:53:58,1000000000000.0,green,0,4.7,False,https://earthquake.usgs.gov/earthquakes/eventpage/us6000tm2t
us6000tm2k,"M 5.0 - 44 km N of Ruteng, Indonesia","44 km N of Ruteng, Indonesia",5.0,mb,35.0,Shallow (0-70 km),-8.2074,120.4906,1787212893960,2026-08-20 08:01:33,1995262314968.8828,green,0,4.8,False,https://earthquake.usgs.gov/earthquakes/eventpage/us6000tm2k
us7000tc6d,"M 4.5 - 64 km N of Ruteng, Indonesia","64 km N of Ruteng, Indonesia",4.5,mb,10.0,Shallow (0-70 km),-8.0268,120.5156,1787212706702,2026-08-20 07:58:26,354813389233.57605,green,0,5.5,False,https://earthquake.usgs.gov/earthquakes/eventpage/us7000tc6d
us6000tm2j,"M 5.0 - 40 km NNW of Ruteng, Indonesia","40 km NNW of Ruteng, Indonesia",5.0,mb,15.9,Shallow (0-70 km),-8.2667,120.3323,1787212503944,2026-08-20 07:55:03,1995262314968.8828,green,0,5.7,False,https://earthquake.usgs.gov/earthquakes/eventpage/us6000tm2j
us7000tc6c,"M 4.5 - 44 km NNE of Ruteng, Indonesia","44 km NNE of Ruteng, Indonesia",4.5,mb,32.7,Shallow (0-70 km),-8.2387,120.608,1787212233124,2026-08-20 07:50:33,354813389233.57605,green,0,4.2,False,https://earthquake.usgs.gov/earthquakes/eventpage/us7000tc6c
us7000tc69,"M 4.6 - 187 km SSE of Vilyuchinsk, Russia","187 km SSE of Vilyuchinsk, Russia",4.6,mb,10.0,Shallow (0-70 km),51.4374,159.6591,1787208946780,2026-08-20 06:55:46,501187233627.2715,green,0,5.6,False,https://earthquake.usgs.gov/earthquakes/eventpage/us7000tc69
us7000tc66,"M 4.6 - 79 km N of Ruteng, Indonesia","79 km N of Ruteng, Indonesia",4.6,mb,9.9,Shallow (0-70 km),-7.8919,120.4649,1787202539619,2026-08-20 05:08:59,501187233627.2715,green,0,5.6,False,https://earthquake.usgs.gov/earthquakes/eventpage/us7000tc66
us6000tm25,"M 4.7 - 80 km S of Antofagasta, Chile","80 km S of Antofagasta, Chile",4.7,mwr,46.1,Shallow (0-70 km),-24.3787,-70.3836,1787201572913,2026-08-20 04:52:52,707945784384.1403,green,0,4.1,False,https://earthquake.usgs.gov/earthquakes/eventpage/us6000tm25
us6000tm22,"M 4.7 - 70 km NE of Labuan Bajo, Indonesia","70 km NE of Labuan Bajo, Indonesia",4.7,mb,10.0,Shallow (0-70 km),-7.9865,120.2661,1787200402586,2026-08-20 04:33:22,707945784384.1403,green,0,5.8,False,https://earthquake.usgs.gov/earthquakes/eventpage/us6000tm22
us6000tm1y,"M 4.7 - 39 km N of Ruteng, Indonesia","39 km N of Ruteng, Indonesia",4.7,mb,10.0,Shallow (0-70 km),-8.2605,120.5326,1787199836665,2026-08-20 04:23:56,707945784384.1403,green,0,5.8,False,https://earthquake.usgs.gov/earthquakes/eventpage/us6000tm1y
us6000tm1q,"M 4.5 - 38 km NW of Ruteng, Indonesia","38 km NW of Ruteng, Indonesia",4.5,mb,10.0,Shallow (0-70 km),-8.3363,120.2512,1787197005756,2026-08-20 03:36:45,354813389233.57605,green,0,5.5,False,https://earthquake.usgs.gov/earthquakes/eventpage/us6000tm1q
us6000tm1m,"M 4.7 - 81 km W of San Antonio de los Cobres, Argentina","81 km W of San Antonio de los Cobres, Argentina",4.7,mb,163.4,Intermediate (70-300 km),-24.3196,-67.1118,1787195346589,2026-08-20 03:09:06,707945784384.1403,green,0,2.7,False,https://earthquake.usgs.gov/earthquakes/eventpage/us6000tm1m
us6000tm1l,"M 4.6 - 42 km NNE of Ruteng, Indonesia","42 km NNE of Ruteng, Indonesia",4.6,mb,10.0,Shallow (0-70 km),-8.2526,120.5899,1787194856717,2026-08-20 03:00:56,501187233627.2715,green,0,5.6,False,https://earthquake.usgs.gov/earthquakes/eventpage/us6000tm1l
us6000tm1j,"M 5.6 - 42 km N of Ruteng, Indonesia","42 km N of Ruteng, Indonesia",5.6,mww,10.0,Shallow (0-70 km),-8.2328,120.5308,1787194018986,2026-08-20 02:46:58,15848931924611.11,green,1,6.739,False,https://earthquake.usgs.gov/earthquakes/eventpage/us6000tm1j
us6000tm1e,"M 4.7 - 40 km NNE of Ruteng, Indonesia","40 km NNE of Ruteng, Indonesia",4.7,mb,10.0,Shallow (0-70 km),-8.2567,120.5716,1787192687902,2026-08-20 02:24:47,707945784384.1403,green,0,5.8,False,https://earthquake.usgs.gov/earthquakes/eventpage/us6000tm1e
us6000tm16,"M 5.0 - 84 km S of Isangel, Vanuatu","84 km S of Isangel, Vanuatu",5.0,mb,69.9,Shallow (0-70 km),-20.2995,169.2335,1787185224463,2026-08-20 00:20:24,1995262314968.8828,green,0,4.1,False,https://earthquake.usgs.gov/earthquakes/eventpage/us6000tm16
us6000tm15,"M 4.6 - 28 km NNW of Ruteng, Indonesia","28 km NNW of Ruteng, Indonesia",4.6,mb,10.0,Shallow (0-70 km),-8.3732,120.3549,1787183544685,2026-08-19 23:52:24,501187233627.2715,green,0,5.6,False,https://earthquake.usgs.gov/earthquakes/eventpage/us6000tm15
us6000tm10,"M 4.6 - 41 km NNE of Ruteng, Indonesia","41 km NNE of Ruteng, Indonesia",4.6,mb,10.0,Shallow (0-70 km),-8.2614,120.5935,1787181613816,2026-08-19 23:20:13,501187233627.2715,green,0,5.6,False,https://earthquake.usgs.gov/earthquakes/eventpage/us6000tm10
us7000tbs4,"M 4.5 - 46 km N of Ruteng, Indonesia","46 km N of Ruteng, Indonesia",4.5,mb,10.0,Shallow (0-70 km),-8.1888,120.4423,1787181017881,2026-08-19 23:10:17,354813389233.57605,green,0,5.5,False,https://earthquake.usgs.gov/earthquakes/eventpage/us7000tbs4
us7000tbs3,"M 4.5 - 19 km ESE of Labuan Bajo, Indonesia","19 km ESE of Labuan Bajo, Indonesia",4.5,mb,13.3,Shallow (0-70 km),-8.5819,120.0407,1787180148834,2026-08-19 22:55:48,354813389233.57605,green,0,5.1,False,https://earthquake.usgs.gov/earthquakes/eventpage/us7000tbs3
us6000tm0u,"M 5.8 - 31 km NNE of Ruteng, Indonesia","31 km NNE of Ruteng, Indonesia",5.8,mww,10.0,Shallow (0-70 km),-8.3418,120.5442,1787179517290,2026-08-19 22:45:17,31622776601683.793,green,5,6.677,False,https://earthquake.usgs.gov/earthquakes/eventpage/us6000tm0u
us7000tbs2,"M 4.5 - 74 km N of Ruteng, Indonesia","74 km N of Ruteng, Indonesia",4.5,mb,10.0,Shallow (0-70 km),-7.9443,120.4098,1787179451170,2026-08-19 22:44:11,354813389233.57605,green,0,5.5,False,https://earthquake.usgs.gov/earthquakes/eventpage/us7000tbs2
us7000tbs1,"M 4.5 - 45 km N of Ruteng, Indonesia","45 km N of Ruteng, Indonesia",4.5,mb,10.0,Shallow (0-70 km),-8.2037,120.4936,1787178804809,2026-08-19 22:33:24,354813389233.57605,green,0,5.5,False,https://earthquake.usgs.gov/earthquakes/eventpage/us7000tbs1
us6000tm0s,"M 5.2 - 36 km N of Ruteng, Indonesia","36 km N of Ruteng, Indonesia",5.2,mb,10.0,Shallow (0-70 km),-8.2828,120.4454,1787178488543,2026-08-19 22:28:08,3981071705534.9854,green,0,6.5,False,https://earthquake.usgs.gov/earthquakes/eventpage/us6000tm0s
us6000tm08,"M 4.5 - 29 km WNW of Ørnes, Norway","29 km WNW of Ørnes, Norway",4.5,mb,10.0,Shallow (0-70 km),66.9381,13.0474,1787173608695,2026-08-19 21:06:48,354813389233.57605,green,10,5.5,False,https://earthquake.usgs.gov/earthquakes/eventpage/us6000tm08
us6000tlzp,"M 4.6 - 22 km NE of Niños Héroes, Mexico","22 km NE of Niños Héroes, Mexico",4.6,mb,180.3,Intermediate (70-300 km),17.574,-94.3414,1787169989232,2026-08-19 20:06:29,501187233627.2715,green,0,2.5,False,https://earthquake.usgs.gov/earthquakes/eventpage/us6000tlzp
us7000tbrl,"M 4.5 - 41 km N of Ruteng, Indonesia","41 km N of Ruteng, Indonesia",4.5,mb,10.0,Shallow (0-70 km),-8.2394,120.4638,1787166678469,2026-08-19 19:11:18,354813389233.57605,green,0,5.5,False,https://earthquake.usgs.gov/earthquakes/eventpage/us7000tbrl
us6000tlz8,"M 5.4 - 213 km E of Levuka, Fiji","213 km E of Levuka, Fiji",5.4,mww,573.0,Deep (>300 km),-17.8383,-178.6849,1787165130973,2026-08-19 18:45:30,7943282347242.8545,green,0,1.5,False,https://earthquake.usgs.gov/earthquakes/eventpage/us6000tlz8
us6000tlyv,"M 5.3 - 125 km SSW of Severo-Kuril’sk, Russia","125 km SSW of Severo-Kuril’sk, Russia",5.3,mww,51.8,Shallow (0-70 km),49.5734,155.7599,1787162838412,2026-08-19 18:07:18,5623413251903.491,green,0,3.877,False,https://earthquake.usgs.gov/earthquakes/eventpage/us6000tlyv
us6000tlyi,"M 4.8 - 78 km SE of Pondaguitan, Philippines","78 km SE of Pondaguitan, Philippines",4.8,mb,10.0,Shallow (0-70 km),5.8585,126.6757,1787159974116,2026-08-19 17:19:34,1000000000000.0,green,0,5.9,False,https://earthquake.usgs.gov/earthquakes/eventpage/us6000tlyi
us6000tlxq,"M 5.5 - 45 km NNE of Ruteng, Indonesia","45 km NNE of Ruteng, Indonesia",5.5,mww,10.0,Shallow (0-70 km),-8.2075,120.558,1787156258287,2026-08-19 16:17:38,11220184543019.652,green,1,6.216,False,https://earthquake.usgs.gov/earthquakes/eventpage/us6000tlxq
us6000tlvr,"M 4.6 - 60 km NNE of Ruteng, Indonesia","60 km NNE of Ruteng, Indonesia",4.6,mb,10.0,Shallow (0-70 km),-8.0736,120.5772,1787152784750,2026-08-19 15:19:44,501187233627.2715,green,0,5.6,False,https://earthquake.usgs.gov/earthquakes/eventpage/us6000tlvr
us6000tlvn,M 4.6 - Banda Sea,Banda Sea,4.6,mb,540.0,Deep (>300 km),-5.2129,125.5023,1787149942499,2026-08-19 14:32:22,501187233627.2715,green,0,1.3,False,https://earthquake.usgs.gov/earthquakes/eventpage/us6000tlvn
us6000tlvm,"M 4.6 - 54 km NNE of Ruteng, Indonesia","54 km NNE of Ruteng, Indonesia",4.6,mb,10.0,Shallow (0-70 km),-8.1452,120.6178,1787148985739,2026-08-19 14:16:25,501187233627.2715,green,0,5.6,False,https://earthquake.usgs.gov/earthquakes/eventpage/us6000tlvm
us6000tlun,"M 4.8 - 20 km SSW of Balangonan, Philippines","20 km SSW of Balangonan, Philippines",4.8,mb,80.8,Intermediate (70-300 km),5.4131,125.2676,1787137296865,2026-08-19 11:01:36,1000000000000.0,green,4,3.6,False,https://earthquake.usgs.gov/earthquakes/eventpage/us6000tlun
us6000tlum,"M 4.8 - 82 km N of Ruteng, Indonesia","82 km N of Ruteng, Indonesia",4.8,mb,10.0,Shallow (0-70 km),-7.866,120.4676,1787136299435,2026-08-19 10:44:59,1000000000000.0,green,0,5.9,False,https://earthquake.usgs.gov/earthquakes/eventpage/us6000tlum
us6000tluh,"M 4.7 - 84 km E of Hihifo, Tonga","84 km E of Hihifo, Tonga",4.7,mb,10.0,Shallow (0-70 km),-16.1024,-173.0172,1787130439878,2026-08-19 09:07:19,707945784384.1403,green,0,5.8,False,https://earthquake.usgs.gov/earthquakes/eventpage/us6000tluh
us7000tbqx,"M 4.5 - 24 km SW of Balangonan, Philippines","24 km SW of Balangonan, Philippines",4.5,mb,60.9,Shallow (0-70 km),5.4347,125.1792,1787120985119,2026-08-19 06:29:45,354813389233.57605,green,0,3.5,False,https://earthquake.usgs.gov/earthquakes/eventpage/us7000tbqx
us6000tltq,"M 4.7 - 269 km SSE of Dunhuang, China","269 km SSE of Dunhuang, China",4.7,mb,10.0,Shallow (0-70 km),37.8286,95.5256,1787116944732,2026-08-19 05:22:24,707945784384.1403,green,0,5.8,False,https://earthquake.usgs.gov/earthquakes/eventpage/us6000tltq
us6000tltg,"M 4.6 - 34 km WNW of Ollagüe, Chile","34 km WNW of Ollagüe, Chile",4.6,mb,124.2,Intermediate (70-300 km),-21.0841,-68.5504,1787115107474,2026-08-19 04:51:47,501187233627.2715,green,0,2.9,False,https://earthquake.usgs.gov/earthquakes/eventpage/us6000tltg
us6000tlta,"M 4.7 - 62 km N of Namuac, Philippines","62 km N of Namuac, Philippines",4.7,mb,10.0,Shallow (0-70 km),19.1732,121.1037,1787113374518,2026-08-19 04:22:54,707945784384.1403,green,0,5.8,False,https://earthquake.usgs.gov/earthquakes/eventpage/us6000tlta
us7000tbqt,"M 4.5 - 62 km NNE of Ruteng, Indonesia","62 km NNE of Ruteng, Indonesia",4.5,mb,10.0,Shallow (0-70 km),-8.0997,120.7052,1787110998913,2026-08-19 03:43:18,354813389233.57605,green,0,5.5,False,https://earthquake.usgs.gov/earthquakes/eventpage/us7000tbqt
us6000tlt9,"M 5.1 - 64 km NW of Ende, Indonesia","64 km NW of Ende, Indonesia",5.1,mww,10.0,Shallow (0-70 km),-8.3648,121.3236,1787109206706,2026-08-19 03:13:26,2818382931264.449,green,0,6.3,False,https://earthquake.usgs.gov/earthquakes/eventpage/us6000tlt9
us6000tlt1,"M 4.5 - 153 km NW of Hihifo, Tonga","153 km NW of Hihifo, Tonga",4.5,mb,223.5,Intermediate (70-300 km),-15.1753,-174.9847,1787105999037,2026-08-19 02:19:59,354813389233.57605,green,0,2.1,False,https://earthquake.usgs.gov/earthquakes/eventpage/us6000tlt1
us6000tlss,"M 4.6 - 80 km NE of Ruteng, Indonesia","80 km NE of Ruteng, Indonesia",4.6,mb,10.0,Shallow (0-70 km),-8.194,121.0685,1787103890418,2026-08-19 01:44:50,501187233627.2715,green,0,5.6,False,https://earthquake.usgs.gov/earthquakes/eventpage/us6000tlss
us7000tbqq,"M 4.5 - 97 km NW of Kandrian, Papua New Guinea","97 km NW of Kandrian, Papua New Guinea",4.5,mb,9.0,Shallow (0-70 km),-5.4908,149.0316,1787100983460,2026-08-19 00:56:23,354813389233.57605,green,0,5.6,False,https://earthquake.usgs.gov/earthquakes/eventpage/us7000tbqq
us6000tls7,"M 4.8 - 66 km NNW of Ende, Indonesia","66 km NNW of Ende, Indonesia",4.8,mb,35.0,Shallow (0-70 km),-8.281,121.4467,1787098299435,2026-08-19 00:11:39,1000000000000.0,green,0,4.5,False,https://earthquake.usgs.gov/earthquakes/eventpage/us6000tls7
us6000tls5,"M 4.6 - 75 km NW of Ende, Indonesia","75 km NW of Ende, Indonesia",4.6,mb,35.0,Shallow (0-70 km),-8.2901,121.2633,1787097556535,2026-08-18 23:59:16,501187233627.2715,green,0,4.2,False,https://earthquake.usgs.gov/earthquakes/eventpage/us6000tls5
us6000tlrt,"M 4.5 - 60 km N of Ruteng, Indonesia","60 km N of Ruteng, Indonesia",4.5,mb,35.0,Shallow (0-70 km),-8.0643,120.4381,1787092015938,2026-08-18 22:26:55,354813389233.57605,green,0,4.1,False,https://earthquake.usgs.gov/earthquakes/eventpage/us6000tlrt
us6000tlrj,"M 5.5 - 269 km SSE of Dunhuang, China","269 km SSE of Dunhuang, China",5.5,mwb,6.0,Shallow (0-70 km),37.8425,95.5713,1787088987988,2026-08-18 21:36:27,11220184543019.652,green,0,6.518,False,https://earthquake.usgs.gov/earthquakes/eventpage/us6000tlrj
us6000tlre,"M 4.7 - 80 km NNW of Ende, Indonesia","80 km NNW of Ende, Indonesia",4.7,mb,35.0,Shallow (0-70 km),-8.1601,121.4078,1787087500591,2026-08-18 21:11:40,707945784384.1403,green,0,4.4,False,https://earthquake.usgs.gov/earthquakes/eventpage/us6000tlre
us6000tlr9,"M 4.7 - 60 km NNW of Ende, Indonesia","60 km NNW of Ende, Indonesia",4.7,mb,10.0,Shallow (0-70 km),-8.3121,121.5131,1787086215803,2026-08-18 20:50:15,707945784384.1403,green,0,5.8,False,https://earthquake.usgs.gov/earthquakes/eventpage/us6000tlr9
us6000tlr0,"M 4.7 - 77 km NW of Ende, Indonesia","77 km NW of Ende, Indonesia",4.7,mb,10.0,Shallow (0-70 km),-8.3363,121.1792,1787084935753,2026-08-18 20:28:55,707945784384.1403,green,0,5.8,False,https://earthquake.usgs.gov/earthquakes/eventpage/us6000tlr0
us6000tlqv,"M 4.9 - 77 km NW of Ende, Indonesia","77 km NW of Ende, Indonesia",4.9,mb,10.0,Shallow (0-70 km),-8.2731,121.2517,1787084141238,2026-08-18 20:15:41,1412537544622.7554,green,0,6.1,False,https://earthquake.usgs.gov/earthquakes/eventpage/us6000tlqv
us6000tn6d,"M 4.6 - 93 km N of Ruteng, Indonesia","93 km N of Ruteng, Indonesia",4.6,mb,10.0,Shallow (0-70 km),-7.764,120.4967,1787083682775,2026-08-18 20:08:02,501187233627.2715,green,0,5.6,False,https://earthquake.usgs.gov/earthquakes/eventpage/us6000tn6d
us6000tlqq,"M 5.2 - 52 km SSW of Jurm, Afghanistan","52 km SSW of Jurm, Afghanistan",5.2,mww,215.0,Intermediate (70-300 km),36.4032,70.6871,1787082670750,2026-08-18 19:51:10,3981071705534.9854,green,2,3.2,False,https://earthquake.usgs.gov/earthquakes/eventpage/us6000tlqq
us6000tlqk,"M 4.9 - 72 km NW of Ende, Indonesia","72 km NW of Ende, Indonesia",4.9,mww,10.0,Shallow (0-70 km),-8.349,121.2251,1787079787384,2026-08-18 19:03:07,1412537544622.7554,green,0,6.1,False,https://earthquake.usgs.gov/earthquakes/eventpage/us6000tlqk
us6000tn60,M 4.6 - south of Tonga,south of Tonga,4.6,mb,10.0,Shallow (0-70 km),-24.7454,-175.0821,1787076236304,2026-08-18 18:03:56,501187233627.2715,green,0,5.6,False,https://earthquake.usgs.gov/earthquakes/eventpage/us6000tn60
us6000tn62,"M 4.5 - 62 km ENE of Colonia, Micronesia","62 km ENE of Colonia, Micronesia",4.5,mb,10.0,Shallow (0-70 km),9.8147,138.6099,1787076068074,2026-08-18 18:01:08,354813389233.57605,green,0,5.5,False,https://earthquake.usgs.gov/earthquakes/eventpage/us6000tn62
us6000tn5y,"M 4.5 - 280 km WNW of Houma, Tonga","280 km WNW of Houma, Tonga",4.5,mb,408.0,Deep (>300 km),-20.0224,-177.7054,1787071690557,2026-08-18 16:48:10,354813389233.57605,green,0,1.4,False,https://earthquake.usgs.gov/earthquakes/eventpage/us6000tn5y
us6000tn5v,"M 4.5 - 63 km N of Ruteng, Indonesia","63 km N of Ruteng, Indonesia",4.5,mb,10.0,Shallow (0-70 km),-8.0413,120.5511,1787064624706,2026-08-18 14:50:24,354813389233.57605,green,0,5.5,False,https://earthquake.usgs.gov/earthquakes/eventpage/us6000tn5v
us6000tn5s,"M 4.7 - 105 km NE of Ruteng, Indonesia","105 km NE of Ruteng, Indonesia",4.7,mb,10.0,Shallow (0-70 km),-7.8772,121.0763,1787061450660,2026-08-18 13:57:30,707945784384.1403,green,0,5.8,False,https://earthquake.usgs.gov/earthquakes/eventpage/us6000tn5s
us6000tn5t,M 4.6 - south of Tonga,south of Tonga,4.6,mb,10.0,Shallow (0-70 km),-24.775,-175.3672,1787060888579,2026-08-18 13:48:08,501187233627.2715,green,0,5.6,False,https://earthquake.usgs.gov/earthquakes/eventpage/us6000tn5t
us6000tn5n,"M 4.5 - 64 km N of Ruteng, Indonesia","64 km N of Ruteng, Indonesia",4.5,mb,10.0,Shallow (0-70 km),-8.0325,120.4065,1787056248810,2026-08-18 12:30:48,354813389233.57605,green,0,5.5,False,https://earthquake.usgs.gov/earthquakes/eventpage/us6000tn5n
us6000tln1,"M 4.5 - 74 km N of Ruteng, Indonesia","74 km N of Ruteng, Indonesia",4.5,mb,10.0,Shallow (0-70 km),-7.9425,120.4285,1787056083729,2026-08-18 12:28:03,354813389233.57605,green,0,5.5,False,https://earthquake.usgs.gov/earthquakes/eventpage/us6000tln1
us6000tlnv,"M 4.8 - 74 km N of Ruteng, Indonesia","74 km N of Ruteng, Indonesia",4.8,mb,10.0,Shallow (0-70 km),-7.9446,120.5671,1787054627242,2026-08-18 12:03:47,1000000000000.0,green,0,5.9,False,https://earthquake.usgs.gov/earthquakes/eventpage/us6000tlnv
us6000tlmz,"M 4.9 - 81 km NNE of Ruteng, Indonesia","81 km NNE of Ruteng, Indonesia",4.9,mb,10.0,Shallow (0-70 km),-7.8872,120.6152,1787054410381,2026-08-18 12:00:10,1412537544622.7554,green,0,6.1,False,https://earthquake.usgs.gov/earthquakes/eventpage/us6000tlmz
us6000tme3,M 4.6 - south of Tonga,south of Tonga,4.6,mb,10.0,Shallow (0-70 km),-24.8223,-175.262,1787054127560,2026-08-18 11:55:27,501187233627.2715,green,0,5.6,False,https://earthquake.usgs.gov/earthquakes/eventpage/us6000tme3
us6000tlmt,"M 4.7 - 86 km N of Ruteng, Indonesia","86 km N of Ruteng, Indonesia",4.7,mb,10.0,Shallow (0-70 km),-7.8287,120.4564,1787051210545,2026-08-18 11:06:50,707945784384.1403,green,0,5.8,False,https://earthquake.usgs.gov/earthquakes/eventpage/us6000tlmt
us6000tlmc,"M 4.6 - 4 km NE of Escúzar, Spain","4 km NE of Escúzar, Spain",4.6,mb,10.0,Shallow (0-70 km),37.098,-3.7294,1787045677451,2026-08-18 09:34:37,501187233627.2715,green,1,5.6,False,https://earthquake.usgs.gov/earthquakes/eventpage/us6000tlmc
us6000tlm6,M 4.5 - south of the Fiji Islands,south of the Fiji Islands,4.5,mb,131.0,Intermediate (70-300 km),-24.794,-177.1847,1787043755286,2026-08-18 09:02:35,354813389233.57605,green,0,2.7,False,https://earthquake.usgs.gov/earthquakes/eventpage/us6000tlm6
us6000tlm3,"M 4.9 - 85 km N of Ruteng, Indonesia","85 km N of Ruteng, Indonesia",4.9,mb,10.0,Shallow (0-70 km),-7.8346,120.4909,1787043696366,2026-08-18 09:01:36,1412537544622.7554,green,0,6.1,False,https://earthquake.usgs.gov/earthquakes/eventpage/us6000tlm3
us6000tllu,"M 4.9 - 1 km SE of Las Gabias, Spain","1 km SE of Las Gabias, Spain",4.9,mww,10.0,Shallow (0-70 km),37.1267,-3.6589,1787042264739,2026-08-18 08:37:44,1412537544622.7554,green,26,6.1,False,https://earthquake.usgs.gov/earthquakes/eventpage/us6000tllu
us6000tn5a,"M 4.8 - 200 km SE of Kokopo, Papua New Guinea","200 km SE of Kokopo, Papua New Guinea",4.8,mb,35.0,Shallow (0-70 km),-5.5405,153.6293,1787036313347,2026-08-18 06:58:33,1000000000000.0,green,0,4.5,False,https://earthquake.usgs.gov/earthquakes/eventpage/us6000tn5a
us6000tn5c,M 4.6 - Kermadec Islands region,Kermadec Islands region,4.6,mb,35.0,Shallow (0-70 km),-31.8623,-178.4306,1787036266392,2026-08-18 06:57:46,501187233627.2715,green,0,4.2,False,https://earthquake.usgs.gov/earthquakes/eventpage/us6000tn5c
us6000tlkt,"M 5.6 - 145 km SSE of Teluk Dalam, Indonesia","145 km SSE of Teluk Dalam, Indonesia",5.6,mww,10.0,Shallow (0-70 km),-0.5829,98.4357,1787032940555,2026-08-18 06:02:20,15848931924611.11,green,0,5.863,False,https://earthquake.usgs.gov/earthquakes/eventpage/us6000tlkt
us6000tlkl,"M 5.8 - 98 km SW of Puerto Madero, Mexico","98 km SW of Puerto Madero, Mexico",5.8,mww,10.0,Shallow (0-70 km),14.1863,-93.1503,1787029351624,2026-08-18 05:02:31,31622776601683.793,green,2,3.94,False,https://earthquake.usgs.gov/earthquakes/eventpage/us6000tlkl
us6000tn53,"M 4.5 - 90 km N of Ruteng, Indonesia","90 km N of Ruteng, Indonesia",4.5,mb,10.0,Shallow (0-70 km),-7.7942,120.4234,1787026586960,2026-08-18 04:16:26,354813389233.57605,green,0,5.5,False,https://earthquake.usgs.gov/earthquakes/eventpage/us6000tn53
us6000tlk5,"M 4.8 - 56 km NNW of Ruteng, Indonesia","56 km NNW of Ruteng, Indonesia",4.8,mb,10.0,Shallow (0-70 km),-8.143,120.2686,1787020953539,2026-08-18 02:42:33,1000000000000.0,green,0,5.9,False,https://earthquake.usgs.gov/earthquakes/eventpage/us6000tlk5
us6000tljs,M 4.8 - Fiji region,Fiji region,4.8,mb,576.6,Deep (>300 km),-21.9188,-179.0344,1787015403306,2026-08-18 01:10:03,1000000000000.0,green,0,1.5,False,https://earthquake.usgs.gov/earthquakes/eventpage/us6000tljs
us6000tn4y,"M 4.7 - 21 km NE of Port-Olry, Vanuatu","21 km NE of Port-Olry, Vanuatu",4.7,mb,153.8,Intermediate (70-300 km),-14.9241,167.2355,1787014078634,2026-08-18 00:47:58,707945784384.1403,green,0,2.8,False,https://earthquake.usgs.gov/earthquakes/eventpage/us6000tn4y
us6000tlgm,"M 5.3 - 24 km NE of Colonia, Micronesia","24 km NE of Colonia, Micronesia",5.3,mww,10.0,Shallow (0-70 km),9.6599,138.2894,1787007191211,2026-08-17 22:53:11,5623413251903.491,green,2,6.6,False,https://earthquake.usgs.gov/earthquakes/eventpage/us6000tlgm
us6000tlbz,M 5.1 - Kuril Islands,Kuril Islands,5.1,mb,85.9,Intermediate (70-300 km),46.4513,151.4834,1787002595316,2026-08-17 21:36:35,2818382931264.449,green,0,4.0,False,https://earthquake.usgs.gov/earthquakes/eventpage/us6000tlbz
us6000tml0,"M 4.5 - 58 km NNE of Labuan Bajo, Indonesia","58 km NNE of Labuan Bajo, Indonesia",4.5,mb,10.0,Shallow (0-70 km),-8.0325,120.1384,1787000697938,2026-08-17 21:04:57,354813389233.57605,green,0,5.5,False,https://earthquake.usgs.gov/earthquakes/eventpage/us6000tml0
aka2026qgsene,"M 4.5 - 41 km SW of Karluk, Alaska","41 km SW of Karluk, Alaska",4.5,ml,57.9,Shallow (0-70 km),57.279,-154.894,1786998910038,2026-08-17 20:35:10,354813389233.57605,green,6,3.661,False,https://earthquake.usgs.gov/earthquakes/eventpage/aka2026qgsene
us6000tmkz,M 4.6 - South Atlantic Ocean,South Atlantic Ocean,4.6,mb,10.0,Shallow (0-70 km),-22.5639,-20.2946,1786998026140,2026-08-17 20:20:26,501187233627.2715,green,0,5.6,False,https://earthquake.usgs.gov/earthquakes/eventpage/us6000tmkz
usd0015efp,"M 4.9 - 214 km WSW of Longyearbyen, Svalbard and Jan Mayen","214 km WSW of Longyearbyen, Svalbard and Jan Mayen",4.9,mww,10.0,Shallow (0-70 km),77.5472,7.0817,1786996283051,2026-08-17 19:51:23,1412537544622.7554,green,1,6.1,False,https://earthquake.usgs.gov/earthquakes/eventpage/usd0015efp
usd0015efc,"M 4.9 - 30 km NE of Colonia, Micronesia","30 km NE of Colonia, Micronesia",4.9,mww,10.0,Shallow (0-70 km),9.6967,138.3349,1786992671017,2026-08-17 18:51:11,1412537544622.7554,green,2,6.1,False,https://earthquake.usgs.gov/earthquakes/eventpage/usd0015efc
usd0015ef3,"M 4.6 - 156 km NNW of Pototano, Indonesia","156 km NNW of Pototano, Indonesia",4.6,mb,492.2,Deep (>300 km),-7.029,117.182,1786990205009,2026-08-17 18:10:05,501187233627.2715,green,0,1.4,False,https://earthquake.usgs.gov/earthquakes/eventpage/usd0015ef3
usd0015ee2,"M 5.0 - 45 km NNW of Ruteng, Indonesia","45 km NNW of Ruteng, Indonesia",5.0,mb,10.0,Shallow (0-70 km),-8.221,120.345,1786975114247,2026-08-17 13:58:34,1995262314968.8828,green,0,6.2,False,https://earthquake.usgs.gov/earthquakes/eventpage/usd0015ee2
usd0015edt,"M 5.0 - 45 km N of Ruteng, Indonesia","45 km N of Ruteng, Indonesia",5.0,mb,10.0,Shallow (0-70 km),-8.1972,120.4892,1786971063447,2026-08-17 12:51:03,1995262314968.8828,green,0,6.2,False,https://earthquake.usgs.gov/earthquakes/eventpage/usd0015edt
usd0015eds,"M 4.9 - 69 km N of Ruteng, Indonesia","69 km N of Ruteng, Indonesia",4.9,mb,10.0,Shallow (0-70 km),-7.9923,120.3696,1786970375479,2026-08-17 12:39:35,1412537544622.7554,green,0,6.1,False,https://earthquake.usgs.gov/earthquakes/eventpage/usd0015eds
usd0015edq,"M 5.8 - 72 km E of Petropavlovsk-Kamchatsky, Russia","72 km E of Petropavlovsk-Kamchatsky, Russia",5.8,mww,66.7,Shallow (0-70 km),52.9895,159.6941,1786970284615,2026-08-17 12:38:04,31622776601683.793,green,1,4.404,False,https://earthquake.usgs.gov/earthquakes/eventpage/usd0015edq
us6000tmjx,"M 4.5 - 187 km NNW of Maumere, Indonesia","187 km NNW of Maumere, Indonesia",4.5,mb,10.0,Shallow (0-70 km),-6.9781,121.7979,1786970001708,2026-08-17 12:33:21,354813389233.57605,green,0,5.5,False,https://earthquake.usgs.gov/earthquakes/eventpage/us6000tmjx
us6000tmkd,"M 4.5 - 34 km NNW of Labuan Bajo, Indonesia","34 km NNW of Labuan Bajo, Indonesia",4.5,mb,10.0,Shallow (0-70 km),-8.2054,119.7706,1786969175192,2026-08-17 12:19:35,354813389233.57605,green,0,5.5,False,https://earthquake.usgs.gov/earthquakes/eventpage/us6000tmkd
usd0015edb,"M 5.4 - 22 km SSW of Kandrian, Papua New Guinea","22 km SSW of Kandrian, Papua New Guinea",5.4,mww,35.0,Shallow (0-70 km),-6.3828,149.452,1786964422688,2026-08-17 11:00:22,7943282347242.8545,green,0,4.486,False,https://earthquake.usgs.gov/earthquakes/eventpage/usd0015edb
us6000tmka,"M 4.8 - 95 km NNE of Ruteng, Indonesia","95 km NNE of Ruteng, Indonesia",4.8,mb,10.0,Shallow (0-70 km),-7.7806,120.7043,1786964413097,2026-08-17 11:00:13,1000000000000.0,green,0,5.9,False,https://earthquake.usgs.gov/earthquakes/eventpage/us6000tmka
usd0015ed8,"M 5.4 - 78 km N of Ruteng, Indonesia","78 km N of Ruteng, Indonesia",5.4,mb,10.0,Shallow (0-70 km),-7.9023,120.4192,1786963489243,2026-08-17 10:44:49,7943282347242.8545,green,0,4.248,False,https://earthquake.usgs.gov/earthquakes/eventpage/usd0015ed8
usd0015ed7,"M 5.3 - 88 km N of Ruteng, Indonesia","88 km N of Ruteng, Indonesia",5.3,mb,10.0,Shallow (0-70 km),-7.8141,120.4341,1786963361670,2026-08-17 10:42:41,5623413251903.491,green,0,6.6,False,https://earthquake.usgs.gov/earthquakes/eventpage/usd0015ed7
usd0015ed1,"M 5.0 - 64 km NNW of Ende, Indonesia","64 km NNW of Ende, Indonesia",5.0,mb,10.0,Shallow (0-70 km),-8.312,121.4184,1786958164684,2026-08-17 09:16:04,1995262314968.8828,green,0,6.2,False,https://earthquake.usgs.gov/earthquakes/eventpage/usd0015ed1
usd0015ecv,"M 4.6 - 93 km NNW of Ende, Indonesia","93 km NNW of Ende, Indonesia",4.6,mb,10.0,Shallow (0-70 km),-8.0573,121.3396,1786956716811,2026-08-17 08:51:56,501187233627.2715,green,0,5.6,False,https://earthquake.usgs.gov/earthquakes/eventpage/usd0015ecv
usd0015ecj,"M 4.5 - 7 km NW of Takatsuki, Japan","7 km NW of Takatsuki, Japan",4.5,mb,370.5,Deep (>300 km),34.9012,135.5619,1786952179360,2026-08-17 07:36:19,354813389233.57605,green,1,1.5,False,https://earthquake.usgs.gov/earthquakes/eventpage/usd0015ecj
usd0015ech,"M 4.8 - 74 km NW of Ende, Indonesia","74 km NW of Ende, Indonesia",4.8,mb,12.8,Shallow (0-70 km),-8.4033,121.1532,1786951229146,2026-08-17 07:20:29,1000000000000.0,green,0,5.6,False,https://earthquake.usgs.gov/earthquakes/eventpage/usd0015ech
usd0015ecf,"M 4.8 - 165 km ESE of Saipan, Northern Mariana Islands","165 km ESE of Saipan, Northern Mariana Islands",4.8,mb,10.0,Shallow (0-70 km),14.4156,147.0524,1786949710119,2026-08-17 06:55:10,1000000000000.0,green,0,5.9,False,https://earthquake.usgs.gov/earthquakes/eventpage/usd0015ecf
usd0015eby,"M 4.6 - 60 km NNE of Labuan Bajo, Indonesia","60 km NNE of Labuan Bajo, Indonesia",4.6,mb,10.0,Shallow (0-70 km),-8.0275,120.169,1786946329266,2026-08-17 05:58:49,501187233627.2715,green,0,5.6,False,https://earthquake.usgs.gov/earthquakes/eventpage/usd0015eby
usd0015ebp,"M 4.5 - 43 km WNW of Turangi, New Zealand","43 km WNW of Turangi, New Zealand",4.5,mb,177.2,Intermediate (70-300 km),-38.8924,175.3198,1786943921736,2026-08-17 05:18:41,354813389233.57605,green,0,2.3,False,https://earthquake.usgs.gov/earthquakes/eventpage/usd0015ebp
usd0015ebk,"M 4.7 - 75 km S of Miyakojima, Japan","75 km S of Miyakojima, Japan",4.7,mb,10.0,Shallow (0-70 km),24.1109,125.3792,1786942484617,2026-08-17 04:54:44,707945784384.1403,green,0,5.8,False,https://earthquake.usgs.gov/earthquakes/eventpage/usd0015ebk
usd0015ebj,"M 5.1 - 84 km ENE of Ruteng, Indonesia","84 km ENE of Ruteng, Indonesia",5.1,mww,10.0,Shallow (0-70 km),-8.2581,121.1401,1786938482420,2026-08-17 03:48:02,2818382931264.449,green,0,6.3,False,https://earthquake.usgs.gov/earthquakes/eventpage/usd0015ebj
usd0015ebi,"M 5.2 - 91 km NNW of Ende, Indonesia","91 km NNW of Ende, Indonesia",5.2,mb,10.0,Shallow (0-70 km),-8.1503,121.2002,1786937798195,2026-08-17 03:36:38,3981071705534.9854,green,0,6.5,False,https://earthquake.usgs.gov/earthquakes/eventpage/usd0015ebi
usd0015ebh,"M 4.9 - 84 km NE of Ruteng, Indonesia","84 km NE of Ruteng, Indonesia",4.9,mb,10.0,Shallow (0-70 km),-8.0961,121.0365,1786937632444,2026-08-17 03:33:52,1412537544622.7554,green,0,6.1,False,https://earthquake.usgs.gov/earthquakes/eventpage/usd0015ebh
usd0015ebc,"M 4.7 - 100 km N of Ruteng, Indonesia","100 km N of Ruteng, Indonesia",4.7,mb,27.7,Shallow (0-70 km),-7.7101,120.3668,1786934360114,2026-08-17 02:39:20,707945784384.1403,green,0,4.6,False,https://earthquake.usgs.gov/earthquakes/eventpage/usd0015ebc
usd0015eb3,"M 4.6 - 99 km N of Ruteng, Indonesia","99 km N of Ruteng, Indonesia",4.6,mb,10.0,Shallow (0-70 km),-7.7118,120.4085,1786930932533,2026-08-17 01:42:12,501187233627.2715,green,0,5.6,False,https://earthquake.usgs.gov/earthquakes/eventpage/usd0015eb3
us6000tmjf,"M 4.5 - 80 km N of Ruteng, Indonesia","80 km N of Ruteng, Indonesia",4.5,mb,10.0,Shallow (0-70 km),-7.8875,120.3644,1786930381414,2026-08-17 01:33:01,354813389233.57605,green,0,5.5,False,https://earthquake.usgs.gov/earthquakes/eventpage/us6000tmjf
usd0015eb2,"M 4.5 - 83 km N of Ruteng, Indonesia","83 km N of Ruteng, Indonesia",4.5,mb,10.0,Shallow (0-70 km),-7.8539,120.4398,1786930261388,2026-08-17 01:31:01,354813389233.57605,green,0,5.5,False,https://earthquake.usgs.gov/earthquakes/eventpage/usd0015eb2
us6000tmjc,"M 4.7 - 67 km NW of Ende, Indonesia","67 km NW of Ende, Indonesia",4.7,mb,10.0,Shallow (0-70 km),-8.3766,121.2645,1786928438475,2026-08-17 01:00:38,707945784384.1403,green,0,5.8,False,https://earthquake.usgs.gov/earthquakes/eventpage/us6000tmjc
us6000tmje,"M 4.6 - 14 km NNE of Ruteng, Indonesia","14 km NNE of Ruteng, Indonesia",4.6,mb,9.3,Shallow (0-70 km),-8.4957,120.5328,1786928359754,2026-08-17 00:59:19,501187233627.2715,green,0,5.7,False,https://earthquake.usgs.gov/earthquakes/eventpage/us6000tmje
us6000tmjb,"M 4.5 - 90 km N of Ruteng, Indonesia","90 km N of Ruteng, Indonesia",4.5,mb,10.9,Shallow (0-70 km),-7.7905,120.4738,1786928194082,2026-08-17 00:56:34,354813389233.57605,green,0,5.4,False,https://earthquake.usgs.gov/earthquakes/eventpage/us6000tmjb
us6000tmja,"M 4.7 - 89 km N of Ruteng, Indonesia","89 km N of Ruteng, Indonesia",4.7,mb,16.2,Shallow (0-70 km),-7.8033,120.3904,1786927981561,2026-08-17 00:53:01,707945784384.1403,green,1,5.2,False,https://earthquake.usgs.gov/earthquakes/eventpage/us6000tmja
usd0015eay,"M 5.5 - 64 km NNW of Ende, Indonesia","64 km NNW of Ende, Indonesia",5.5,mww,7.1,Shallow (0-70 km),-8.2878,121.4763,1786927599857,2026-08-17 00:46:39,11220184543019.652,green,0,4.845,False,https://earthquake.usgs.gov/earthquakes/eventpage/usd0015eay
usd0015eav,"M 4.5 - 59 km NNE of Labuan Bajo, Indonesia","59 km NNE of Labuan Bajo, Indonesia",4.5,mb,35.0,Shallow (0-70 km),-8.0332,120.1614,1786926456445,2026-08-17 00:27:36,354813389233.57605,green,0,4.1,False,https://earthquake.usgs.gov/earthquakes/eventpage/usd0015eav
us6000tmj8,"M 4.6 - 222 km SSE of ‘Ohonua, Tonga","222 km SSE of ‘Ohonua, Tonga",4.6,mb,10.0,Shallow (0-70 km),-23.2478,-174.2817,1786926355673,2026-08-17 00:25:55,501187233627.2715,green,0,5.6,False,https://earthquake.usgs.gov/earthquakes/eventpage/us6000tmj8
usd0015eas,"M 5.0 - 221 km E of Levuka, Fiji","221 km E of Levuka, Fiji",5.0,mb,553.0,Deep (>300 km),-17.7723,-178.615,1786925286239,2026-08-17 00:08:06,1995262314968.8828,green,0,1.8,False,https://earthquake.usgs.gov/earthquakes/eventpage/usd0015eas
us6000tmhn,"M 4.5 - 131 km SSE of Baubau, Indonesia","131 km SSE of Baubau, Indonesia",4.5,mb,10.0,Shallow (0-70 km),-6.616,122.8873,1786917185552,2026-08-16 21:53:05,354813389233.57605,green,0,5.5,False,https://earthquake.usgs.gov/earthquakes/eventpage/us6000tmhn
usd0015ea6,"M 4.5 - 99 km W of San Antonio de los Cobres, Argentina","99 km W of San Antonio de los Cobres, Argentina",4.5,mb,174.6,Intermediate (70-300 km),-24.352,-67.284,1786914367026,2026-08-16 21:06:07,354813389233.57605,green,0,2.3,False,https://earthquake.usgs.gov/earthquakes/eventpage/usd0015ea6
us6000tmhx,M 4.5 - South Atlantic Ocean,South Atlantic Ocean,4.5,mb,10.0,Shallow (0-70 km),-22.5694,-20.2172,1786909885957,2026-08-16 19:51:25,354813389233.57605,green,0,5.5,False,https://earthquake.usgs.gov/earthquakes/eventpage/us6000tmhx
usd0015e9l,"M 4.6 - 53 km N of Ruteng, Indonesia","53 km N of Ruteng, Indonesia",4.6,mb,10.0,Shallow (0-70 km),-8.1314,120.5257,1786907164786,2026-08-16 19:06:04,501187233627.2715,green,0,5.6,False,https://earthquake.usgs.gov/earthquakes/eventpage/usd0015e9l
usd0015e9a,"M 4.9 - 76 km N of Ruteng, Indonesia","76 km N of Ruteng, Indonesia",4.9,mb,10.2,Shallow (0-70 km),-7.9178,120.4492,1786901174895,2026-08-16 17:26:14,1412537544622.7554,green,0,6.0,False,https://earthquake.usgs.gov/earthquakes/eventpage/usd0015e9a
usd0015e96,M 4.9 - South Atlantic Ocean,South Atlantic Ocean,4.9,mb,10.0,Shallow (0-70 km),-22.5225,-20.2621,1786900267552,2026-08-16 17:11:07,1412537544622.7554,green,0,6.1,False,https://earthquake.usgs.gov/earthquakes/eventpage/usd0015e96
usd0015e90,"M 4.5 - 50 km NW of Valparaíso, Chile","50 km NW of Valparaíso, Chile",4.5,mb,10.0,Shallow (0-70 km),-32.733,-72.0386,1786899452438,2026-08-16 16:57:32,354813389233.57605,green,1,5.5,False,https://earthquake.usgs.gov/earthquakes/eventpage/usd0015e90
usd0015e8s,"M 4.6 - 48 km NW of San Antonio de los Cobres, Argentina","48 km NW of San Antonio de los Cobres, Argentina",4.6,mb,200.5,Intermediate (70-300 km),-23.8787,-66.6232,1786898437881,2026-08-16 16:40:37,501187233627.2715,green,0,2.3,False,https://earthquake.usgs.gov/earthquakes/eventpage/usd0015e8s
usd0015e8r,"M 4.8 - 49 km NW of Valparaíso, Chile","49 km NW of Valparaíso, Chile",4.8,mb,15.6,Shallow (0-70 km),-32.7212,-72.0102,1786897972657,2026-08-16 16:32:52,1000000000000.0,green,0,5.4,False,https://earthquake.usgs.gov/earthquakes/eventpage/usd0015e8r
usd0015e8n,"M 5.3 - 106 km SW of Puerto Madero, Mexico","106 km SW of Puerto Madero, Mexico",5.3,mww,10.0,Shallow (0-70 km),14.1201,-93.1987,1786895567714,2026-08-16 15:52:47,5623413251903.491,green,0,6.6,False,https://earthquake.usgs.gov/earthquakes/eventpage/usd0015e8n
usd0015e8d,"M 4.5 - 82 km NNE of Ruteng, Indonesia","82 km NNE of Ruteng, Indonesia",4.5,mb,10.0,Shallow (0-70 km),-7.935,120.7818,1786892994404,2026-08-16 15:09:54,354813389233.57605,green,0,5.5,False,https://earthquake.usgs.gov/earthquakes/eventpage/usd0015e8d
usd0015e86,"M 5.0 - 75 km N of Ruteng, Indonesia","75 km N of Ruteng, Indonesia",5.0,mb,10.0,Shallow (0-70 km),-7.9323,120.5649,1786887519185,2026-08-16 13:38:39,1995262314968.8828,green,0,6.2,False,https://earthquake.usgs.gov/earthquakes/eventpage/usd0015e86
us6000tmh9,M 4.5 - Kermadec Islands region,Kermadec Islands region,4.5,mb,10.0,Shallow (0-70 km),-27.7603,-176.1623,1786886809771,2026-08-16 13:26:49,354813389233.57605,green,0,5.5,False,https://earthquake.usgs.gov/earthquakes/eventpage/us6000tmh9
usd0015e7x,"M 4.5 - 116 km N of Ruteng, Indonesia","116 km N of Ruteng, Indonesia",4.5,mb,10.0,Shallow (0-70 km),-7.5636,120.5397,1786883871536,2026-08-16 12:37:51,354813389233.57605,green,0,5.5,False,https://earthquake.usgs.gov/earthquakes/eventpage/usd0015e7x
usd0015e7s,"M 4.6 - 83 km NNE of Labuan Bajo, Indonesia","83 km NNE of Labuan Bajo, Indonesia",4.6,mb,10.0,Shallow (0-70 km),-7.8376,120.2645,1786879271624,2026-08-16 11:21:11,501187233627.2715,green,0,5.6,False,https://earthquake.usgs.gov/earthquakes/eventpage/usd0015e7s
usd0015e7q,"M 4.9 - 110 km NNE of Ruteng, Indonesia","110 km NNE of Ruteng, Indonesia",4.9,mb,10.0,Shallow (0-70 km),-7.7087,120.9034,1786878706141,2026-08-16 11:11:46,1412537544622.7554,green,0,6.1,False,https://earthquake.usgs.gov/earthquakes/eventpage/usd0015e7q
usd0015e7p,"M 5.5 - 118 km ESE of Madang, Papua New Guinea","118 km ESE of Madang, Papua New Guinea",5.5,mww,137.2,Intermediate (70-300 km),-5.6736,146.7605,1786877949771,2026-08-16 10:59:09,11220184543019.652,green,2,3.72,False,https://earthquake.usgs.gov/earthquakes/eventpage/usd0015e7p
us6000tmie,"M 4.6 - 49 km NNW of Ruteng, Indonesia","49 km NNW of Ruteng, Indonesia",4.6,mb,10.0,Shallow (0-70 km),-8.1737,120.3755,1786876390124,2026-08-16 10:33:10,501187233627.2715,green,0,5.6,False,https://earthquake.usgs.gov/earthquakes/eventpage/us6000tmie
usd0015e7k,"M 5.2 - 84 km N of Ruteng, Indonesia","84 km N of Ruteng, Indonesia",5.2,mb,10.0,Shallow (0-70 km),-7.8539,120.5848,1786876294855,2026-08-16 10:31:34,3981071705534.9854,green,0,6.5,False,https://earthquake.usgs.gov/earthquakes/eventpage/usd0015e7k
us6000tmid,"M 4.5 - 81 km NNE of Ruteng, Indonesia","81 km NNE of Ruteng, Indonesia",4.5,mb,10.0,Shallow (0-70 km),-7.9137,120.7027,1786875540886,2026-08-16 10:19:00,354813389233.57605,green,0,5.5,False,https://earthquake.usgs.gov/earthquakes/eventpage/us6000tmid
usd0015e7j,"M 5.3 - 75 km NNE of Ruteng, Indonesia","75 km NNE of Ruteng, Indonesia",5.3,mww,10.0,Shallow (0-70 km),-7.9467,120.6027,1786875276311,2026-08-16 10:14:36,5623413251903.491,green,0,4.438,False,https://earthquake.usgs.gov/earthquakes/eventpage/usd0015e7j
us6000tmgx,"M 4.5 - 79 km N of Ruteng, Indonesia","79 km N of Ruteng, Indonesia",4.5,mb,9.2,Shallow (0-70 km),-7.892,120.4266,1786869508648,2026-08-16 08:38:28,354813389233.57605,green,0,5.5,False,https://earthquake.usgs.gov/earthquakes/eventpage/us6000tmgx
usd0015e72,"M 4.6 - 71 km N of Ruteng, Indonesia","71 km N of Ruteng, Indonesia",4.6,mb,25.1,Shallow (0-70 km),-7.9661,120.4005,1786869398981,2026-08-16 08:36:38,501187233627.2715,green,0,4.6,False,https://earthquake.usgs.gov/earthquakes/eventpage/usd0015e72
usd0015e6s,"M 4.7 - 73 km ESE of Madang, Papua New Guinea","73 km ESE of Madang, Papua New Guinea",4.7,mb,134.3,Intermediate (70-300 km),-5.5803,146.3435,1786867610745,2026-08-16 08:06:50,707945784384.1403,green,0,2.9,False,https://earthquake.usgs.gov/earthquakes/eventpage/usd0015e6s
usd0015e6l,"M 4.6 - 83 km NNE of Ruteng, Indonesia","83 km NNE of Ruteng, Indonesia",4.6,mb,10.6,Shallow (0-70 km),-7.9538,120.8308,1786864900296,2026-08-16 07:21:40,501187233627.2715,green,0,5.5,False,https://earthquake.usgs.gov/earthquakes/eventpage/usd0015e6l
us6000tmgp,"M 4.6 - 88 km ENE of Fangale’ounga, Tonga","88 km ENE of Fangale’ounga, Tonga",4.6,mb,10.0,Shallow (0-70 km),-19.4532,-173.5438,1786864704230,2026-08-16 07:18:24,501187233627.2715,green,0,5.6,False,https://earthquake.usgs.gov/earthquakes/eventpage/us6000tmgp
us6000tmgn,"M 4.5 - 83 km N of Ruteng, Indonesia","83 km N of Ruteng, Indonesia",4.5,mb,32.7,Shallow (0-70 km),-7.8563,120.5405,1786864101894,2026-08-16 07:08:21,354813389233.57605,green,0,4.2,False,https://earthquake.usgs.gov/earthquakes/eventpage/us6000tmgn
us6000tl6a,"M 5.5 - 79 km N of Ruteng, Indonesia","79 km N of Ruteng, Indonesia",5.5,mww,11.5,Shallow (0-70 km),-7.8982,120.5537,1786863107123,2026-08-16 06:51:47,11220184543019.652,green,0,4.339,False,https://earthquake.usgs.gov/earthquakes/eventpage/us6000tl6a
us6000tl61,"M 4.5 - 97 km NE of Ruteng, Indonesia","97 km NE of Ruteng, Indonesia",4.5,mb,36.2,Shallow (0-70 km),-7.8959,120.9856,1786861514999,2026-08-16 06:25:14,354813389233.57605,green,0,4.1,False,https://earthquake.usgs.gov/earthquakes/eventpage/us6000tl61
us6000tl5g,"M 4.5 - 64 km E of Miyazaki, Japan","64 km E of Miyazaki, Japan",4.5,mb,35.0,Shallow (0-70 km),31.8382,132.0885,1786855054460,2026-08-16 04:37:34,354813389233.57605,green,0,4.1,False,https://earthquake.usgs.gov/earthquakes/eventpage/us6000tl5g
us6000tl55,"M 4.9 - 49 km NNW of Ende, Indonesia","49 km NNW of Ende, Indonesia",4.9,mb,10.0,Shallow (0-70 km),-8.4498,121.4451,1786851779611,2026-08-16 03:42:59,1412537544622.7554,green,0,6.1,False,https://earthquake.usgs.gov/earthquakes/eventpage/us6000tl55
us6000tmgd,"M 4.5 - 191 km SE of Vilyuchinsk, Russia","191 km SE of Vilyuchinsk, Russia",4.5,mb,10.0,Shallow (0-70 km),51.5182,160.0087,1786851757297,2026-08-16 03:42:37,354813389233.57605,green,0,5.5,False,https://earthquake.usgs.gov/earthquakes/eventpage/us6000tmgd
us6000tl4w,"M 6.1 - 55 km NNE of Port-Olry, Vanuatu","55 km NNE of Port-Olry, Vanuatu",6.1,mww,186.6,Intermediate (70-300 km),-14.5653,167.2418,1786850423928,2026-08-16 03:20:23,89125093813374.4,green,1,3.919,False,https://earthquake.usgs.gov/earthquakes/eventpage/us6000tl4w
us6000tl44,"M 5.0 - 85 km N of Ruteng, Indonesia","85 km N of Ruteng, Indonesia",5.0,mb,10.0,Shallow (0-70 km),-7.8409,120.5245,1786835574593,2026-08-15 23:12:54,1995262314968.8828,green,0,6.2,False,https://earthquake.usgs.gov/earthquakes/eventpage/us6000tl44
us6000tl43,"M 5.4 - 23 km NE of Colonia, Micronesia","23 km NE of Colonia, Micronesia",5.4,mww,10.0,Shallow (0-70 km),9.6487,138.2902,1786834376226,2026-08-15 22:52:56,7943282347242.8545,green,8,5.618,False,https://earthquake.usgs.gov/earthquakes/eventpage/us6000tl43
us6000tl3n,"M 4.6 - 91 km N of Ruteng, Indonesia","91 km N of Ruteng, Indonesia",4.6,mb,10.0,Shallow (0-70 km),-7.7889,120.5243,1786828112847,2026-08-15 21:08:32,501187233627.2715,green,0,5.6,False,https://earthquake.usgs.gov/earthquakes/eventpage/us6000tl3n
